pcode,name,district_pcode,area_sqkm,center_lat,center_lon
BD20030004,Alikadam,BD2003,785.03,21.59618578,92.40337107
BD20030014,Bandarban Sadar,BD2003,523.49,22.06545533,92.23266601
BD20030051,Lama,BD2003,703.62,21.81028832,92.21156194
BD20030073,Naikkhongchhari,BD2003,517.35,21.47139618,92.24297656
BD20030089,Rowangchhari,BD2003,440.71,22.1994028,92.35191016
BD20030091,Ruma,BD2003,634.44,22.00777832,92.44855183
BD20030095,Thanchi,BD2003,986.38,21.64261732,92.53326194
BD20120002,Akhaura,BD2012,92.22,23.8406693,91.1901894
BD20120033,Ashuganj,BD2012,77.57,24.01814155,91.01833745
BD20120004,Banchharampur,BD2012,206.06,23.78053412,90.80732254
BD20120007,Bijoynagar,BD2012,225.48,23.99153007,91.22736838
BD20120013,Brahmanbaria Sadar,BD2012,216.55,23.94993121,91.11594537
BD20120063,Kasba,BD2012,209.48,23.76086796,91.13132405
BD20120085,Nabinagar,BD2012,361.4,23.86327014,90.979673
BD20120090,Nasirnagar,BD2012,315.86,24.18226005,91.1871252
BD20120094,Sarail,BD2012,223.65,24.10250867,91.11323753
BD20130022,Chandpur Sadar,BD2013,319.58,23.23175162,90.6513703
BD20130045,Faridganj,BD2013,235.4,23.1441551,90.76190402
BD20130047,Haimchar,BD2013,167.77,23.076609,90.61716648
BD20130049,Hajiganj,BD2013,191.49,23.25779613,90.83747836
BD20130058,Kachua,BD2013,237.8,23.35926547,90.88289267
BD20130076,Matlab Dakkhin,BD2013,130.22,23.34815058,90.74730936
BD20130079,Matlab Uttar,BD2013,283.23,23.4101348,90.64106338
BD20130095,Shahrasti,BD2013,154.33,23.20587855,90.95691718
BD20150004,Anwara,BD2015,160.82,22.19757387,91.8786927
BD20150008,Banshkhali,BD2015,362.63,22.01727076,91.9380992
BD20150012,Boalkhali,BD2015,139.41,22.37729487,91.96622113
BD20150018,Chandanaish,BD2015,199.86,22.21239926,92.06454009
BD20150033,Fatikchhari,BD2015,758.97,22.75545823,91.74886747
BD20150037,Hathazari,BD2015,228.09,22.526199,91.79785039
BD20150039,Karnaphuli,BD2015,50.72,22.28719585,91.8460119
BD20150047,Lohagara,BD2015,260.08,21.98607426,92.11204876
BD20150053,Mirsarai,BD2015,508.42,22.80385025,91.54756079
BD20150061,Patiya,BD2015,253.62,22.29314167,91.98742056
BD20150070,Rangunia,BD2015,354.22,22.46617757,92.06834682
BD20150074,Raozan,BD2015,243.84,22.51965128,91.91727933
BD20150078,Sandwip,BD2015,390.78,22.5106171,91.45787931
BD20150082,Satkania,BD2015,276.31,22.10592592,92.05950882
BD20150086,Sitakunda,BD2015,492.92,22.54303233,91.65690147
BD20220016,Chakaria,BD2022,493.27,21.74110917,92.0517345
BD20220024,Coxs Bazar Sadar,BD2022,120.61,21.46611549,92.01564253
BD20220032,Eidgaon,BD2022,86.43,21.55582075,92.05915783
BD20220045,Kutubdia,BD2022,71.69,21.83800675,91.86254458
BD20220049,Maheshkhali,BD2022,400.35,21.60718915,91.91955884
BD20220056,Pekua,BD2022,143.52,21.81593944,91.94474478
BD20220066,Ramu,BD2022,384.1,21.43878767,92.12036409
BD20220090,Teknaf,BD2022,367.95,20.96925113,92.23706771
BD20220094,Ukhia,BD2022,258.77,21.22806282,92.11533645
BD20190067,Adarsha Sadar,BD2019,111.55,23.47977528,91.15674514
BD20190009,Barura,BD2019,246.52,23.35688513,91.04002614
BD20190015,Brahmanpara,BD2019,128.33,23.64701097,91.09595838
BD20190018,Burichang,BD2019,167.8,23.53518256,91.11687246
BD20190027,Chandina,BD2019,200.02,23.44627926,90.94481512
BD20190031,Chauddagram,BD2019,273.94,23.22183679,91.27969434
BD20190036,Daudkandi,BD2019,218.98,23.50293787,90.77310239
BD20190040,Debidwar,BD2019,239.27,23.5797482,90.99808648
BD20190054,Homna,BD2019,124.14,23.68000235,90.81149876
BD20190072,Laksam,BD2019,140.6,23.23144364,91.10487647
BD20190073,Lalmai,BD2019,120.06,23.29766555,91.15944077
BD20190074,Manoharganj,BD2019,163.35,23.13846962,91.0667073
BD20190075,Meghna,BD2019,110.01,23.62583999,90.69021175
BD20190081,Muradnagar,BD2019,341.72,23.67809628,90.94281174
BD20190087,Nangalkot,BD2019,235.25,23.14025225,91.20909928
BD20190033,Sadar Dakkhin,BD2019,112.67,23.38833515,91.20221146
BD20190094,Titas,BD2019,110.82,23.59090553,90.79551033
BD20300014,Chhagalnaiya,BD2030,135.07,23.02016933,91.50651106
BD20300025,Daganbhuiyan,BD2030,141.08,22.97202602,91.29997117
BD20300029,Feni Sadar,BD2030,214.26,22.99071311,91.41585715
BD20300041,Fulgazi,BD2030,102.99,23.11846473,91.44164398
BD20300051,Parashuram,BD2030,101.51,23.20244186,91.43849193
BD20300094,Sonagazi,BD2030,234.57,22.85375019,91.396878
BD20460043,Dighinala,BD2046,881.89,23.41579635,92.05900408
BD20460047,Guimara,BD2046,224.85,22.95816063,91.92264133
BD20460049,Khagrachhari Sadar,BD2046,271.32,23.15840266,91.9983411
BD20460061,Lakkhichhari,BD2046,210.79,22.78361647,91.93107935
BD20460065,Mahalchhari,BD2046,234.11,22.9835062,92.04945547
BD20460067,Manikchhari,BD2046,181.72,22.85186911,91.8267801
BD20460070,Matiranga,BD2046,491.03,23.16268454,91.85491132
BD20460077,Panchhari,BD2046,333.4,23.34218676,91.92458743
BD20460080,Ramgarh,BD2046,148.69,22.95403742,91.77612993
BD20510033,Kamalnagar,BD2051,237.19,22.75743615,90.8537509
BD20510043,Lakshmipur Sadar,BD2051,553.02,22.91127372,90.84389751
BD20510058,Raipur,BD2051,183.62,23.00469424,90.73152598
BD20510065,Ramganj,BD2051,169.42,23.09675351,90.87272553
BD20510073,Ramgati,BD2051,359.86,22.62490396,90.92223747
BD20750007,Begumganj,BD2075,237.25,22.93091025,91.09425854
BD20750010,Chatkhil,BD2075,137.63,23.0533338,90.96372295
BD20750021,Companiganj,BD2075,409.12,22.75865966,91.30075882
BD20750036,Hatiya,BD2075,1065.85,22.3481622,91.09140468
BD20750047,Kabirhat,BD2075,136.62,22.81087606,91.19933235
BD20750087,Noakhali Sadar,BD2075,349.0,22.80832731,91.04870857
BD20750080,Senbag,BD2075,165.81,22.99063881,91.21267406
BD20750083,Sonaimuri,BD2075,168.79,23.0262944,91.07783166
BD20750085,Subarnachar,BD2075,566.94,22.61923455,91.15640167
BD20840007,Baghaichhari,BD2084,1490.86,23.38280723,92.23714299
BD20840021,Barkal,BD2084,665.79,22.83095905,92.34613321
BD20840029,Belaichhari,BD2084,750.68,22.2574125,92.48313972
BD20840047,Jurachhari,BD2084,644.7,22.55930901,92.45549633
BD20840036,Kaptai,BD2084,252.58,22.46236678,92.20166334
BD20840025,Kawkhali,BD2084,237.91,22.62348916,92.0122707
BD20840058,Langadu,BD2084,494.22,22.97008989,92.21665497
BD20840075,Naniarchar,BD2084,336.54,22.83365535,92.07263493
BD20840078,Rajasthali,BD2084,148.23,22.371584,92.2445794
BD20840087,Rangamati Sadar,BD2084,621.79,22.64512234,92.20136392
BD30260014,Dhamrai,BD3026,305.37,23.93897826,90.14080346
BD30260018,Dohar,BD3026,142.78,23.60157963,90.10840628
BD30260038,Keraniganj,BD3026,183.81,23.69433062,90.34365782
BD30260062,Nawabganj,BD3026,248.12,23.67242589,90.16080129
BD30260072,Savar,BD3026,285.48,23.87995122,90.28057123
BD30290003,Alfadanga,BD3029,130.13,23.29513493,89.67033006
BD30290010,Bhanga,BD3029,218.43,23.38910046,90.0100025
BD30290018,Boalmari,BD3029,262.79,23.39867627,89.69242212
BD30290021,Char Bhadrasan,BD3029,136.93,23.59005054,89.98012695
BD30290047,Faridpur Sadar,BD3029,394.41,23.5974305,89.81272444
BD30290056,Madhukhali,BD3029,236.85,23.54110013,89.61112757
BD30290062,Nagarkanda,BD3029,193.99,23.43433249,89.89562244
BD30290084,Sadarpur,BD3029,274.03,23.49841249,90.05092519
BD30290090,Saltha,BD3029,190.06,23.41804522,89.80078563
BD30330030,Gazipur Sadar,BD3033,137.99,24.08486105,90.42475588
BD30330032,Kaliakair,BD3033,311.39,24.10221402,90.26555217
BD30330034,Kaliganj,BD3033,221.86,23.96481774,90.55522821
BD30330036,Kapasia,BD3033,361.83,24.14779535,90.60046014
BD30330086,Sreepur,BD3033,462.04,24.20580898,90.44362975
BD30350032,Gopalganj Sadar,BD3035,383.24,23.06056181,89.84767364
BD30350043,Kashiani,BD3035,291.53,23.19131338,89.79519002
BD30350051,Kotalipara,BD3035,368.76,23.01051938,90.02019937
BD30350058,Muksudpur,BD3035,310.99,23.26614945,89.91575687
BD30350091,Tungipara,BD3035,131.4,22.92359515,89.90223546
BD30480002,Austagram,BD3048,303.04,24.32358689,91.12249556
BD30480006,Bajitpur,BD3048,188.67,24.2266224,90.94846361
BD30480011,Bhairab,BD3048,118.9,24.10221109,90.98120406
BD30480027,Hossainpur,BD3048,120.78,24.44832765,90.66335442
BD30480033,Itna,BD3048,390.18,24.55093334,91.08404973
BD30480042,Karimganj,BD3048,199.65,24.45434037,90.89635343
BD30480045,Katiadi,BD3048,215.65,24.2952187,90.82084672
BD30480049,Kishoreganj Sadar,BD3048,177.07,24.42594991,90.78325593
BD30480054,Kuliarchar,BD3048,105.02,24.15311063,90.88661308
BD30480059,Mithamain,BD3048,221.87,24.43314857,91.11090071
BD30480076,Nikli,BD3048,201.31,24.33828073,90.96093837
BD30480079,Pakundia,BD3048,176.05,24.32148898,90.69366131
BD30480092,Tarail,BD3048,144.86,24.55087077,90.89053903
BD30540018,Dasar,BD3054,78.73,23.09203776,90.16068434
BD30540040,Kalkini,BD3054,208.87,23.06702105,90.28068024
BD30540054,Madaripur Sadar,BD3054,263.25,23.19122006,90.17839699
BD30540080,Rajoir,BD3054,236.63,23.20208039,90.03856994
BD30540087,Shibchar,BD3054,366.36,23.37319972,90.17594971
BD30560010,Daulatpur,BD3056,210.61,23.95619414,89.79863832
BD30560022,Ghior,BD3056,145.58,23.87441371,89.90388194
BD30560028,Harirampur,BD3056,263.47,23.72066709,89.94587763
BD30560046,Manikganj Sadar,BD3056,217.76,23.83665517,90.02995338
BD30560070,Saturia,BD3056,138.7,23.95847921,90.00104205
BD30560078,Shibalay,BD3056,198.91,23.83837419,89.81082872
BD30560082,Singair,BD3056,218.45,23.78336259,90.15404116
BD30590024,Gazaria,BD3059,137.29,23.54722572,90.62901939
BD30590044,Louhajang,BD3059,139.85,23.46915976,90.34353188
BD30590056,Munshiganj Sadar,BD3059,162.35,23.48746746,90.52607222
BD30590074,Sirajdikhan,BD3059,179.36,23.59764523,90.35802481
BD30590084,Sreenagar,BD3059,201.08,23.54637332,90.26358225
BD30590094,Tongibari,BD3059,113.63,23.47479103,90.45275509
BD30670002,Araihazar,BD3067,179.11,23.76432347,90.66936209
BD30670006,Bandar,BD3067,44.84,23.64094241,90.54550603
BD30670058,Narayanganj Sadar,BD3067,68.64,23.61270286,90.46967182
BD30670068,Rupganj,BD3067,184.85,23.81242547,90.54002928
BD30670004,Sonargaon,BD3067,180.21,23.67465419,90.59430133
BD30680007,Belabo,BD3068,120.24,24.10145744,90.84873217
BD30680052,Manohardi,BD3068,194.09,24.16079951,90.73076261
BD30680060,Narsingdi Sadar,BD3068,222.64,23.86911891,90.70802254
BD30680063,Palash,BD3068,95.01,23.95637032,90.64990826
BD30680064,Raipura,BD3068,322.04,23.96194635,90.8720913
BD30680076,Shibpur,BD3068,209.25,24.02764768,90.74701282
BD30820007,Baliakandi,BD3082,231.88,23.65063781,89.55170229
BD30820029,Goalanda,BD3082,145.39,23.75575567,89.76518481
BD30820047,Kalukhali,BD3082,169.72,23.74188518,89.47527823
BD30820073,Pangsha,BD3082,256.82,23.78899188,89.38777563
BD30820076,Rajbari Sadar,BD3082,325.84,23.71718423,89.65606415
BD30860014,Bhedarganj,BD3086,278.38,23.24773906,90.51356683
BD30860025,Damudya,BD3086,98.26,23.13989972,90.42264111
BD30860036,Gosairhat,BD3086,180.6,23.08167785,90.45694826
BD30860065,Naria,BD3086,230.5,23.30575605,90.4276623
BD30860069,Shariatpur Sadar,BD3086,174.03,23.21884243,90.31670125
BD30860094,Zajira,BD3086,240.77,23.36558386,90.3236872
BD30930009,Basail,BD3093,156.65,24.23384013,90.04024194
BD30930019,Bhuanpur,BD3093,228.55,24.47720074,89.81588907
BD30930023,Delduar,BD3093,171.78,24.14750937,89.93895701
BD30930025,Dhanbari,BD3093,135.89,24.68753433,89.93350156
BD30930028,Ghatail,BD3093,453.1,24.47370046,90.05304586
BD30930038,Gopalpur,BD3093,192.6,24.57241619,89.90181619
BD30930047,Kalihati,BD3093,299.68,24.3596877,89.94673602
BD30930057,Madhupur,BD3093,374.52,24.65012904,90.06228115
BD30930066,Mirzapur,BD3093,370.22,24.11805874,90.10720089
BD30930076,Nagarpur,BD3093,256.44,24.05062667,89.87547056
BD30930085,Sakhipur,BD3093,435.05,24.30626157,90.1748612
BD30930095,Tangail Sadar,BD3093,298.19,24.25962298,89.86705123
BD40010008,Bagerhat Sadar,BD4001,315.44,22.6761286,89.76267481
BD40010014,Chitalmari,BD4001,194.34,22.81113978,89.86525389
BD40010034,Fakirhat,BD4001,159.22,22.74261933,89.66610277
BD40010038,Kachua,BD4001,125.04,22.65213817,89.87394519
BD40010056,Mollahat,BD4001,180.76,22.8841779,89.77298864
BD40010058,Mongla,BD4001,1467.32,22.11653738,89.65966488
BD40010060,Morelganj,BD4001,442.75,22.48332119,89.83422475
BD40010073,Rampal,BD4001,277.68,22.59031343,89.65135819
BD40010077,Sharankhola,BD4001,909.92,22.06308526,89.82172027
BD40180007,Alamdanga,BD4018,366.03,23.72952308,88.90824581
BD40180023,Chuadanga Sadar,BD4018,296.39,23.58945721,88.88544829
BD40180031,Damurhuda,BD4018,304.04,23.59201621,88.73978174
BD40180055,Jibannagar,BD4018,199.73,23.44297578,88.85026481
BD40410004,Abhaynagar,BD4041,245.75,23.01770386,89.41968215
BD40410009,Bagharpara,BD4041,272.86,23.24253049,89.3353901
BD40410011,Chaugachha,BD4041,271.77,23.26325264,89.02328652
BD40410047,Jashore Sadar,BD4041,436.65,23.18247843,89.21885642
BD40410023,Jhikargachha,BD4041,307.19,23.06873072,89.05428478
BD40410038,Keshabpur,BD4041,256.79,22.88037398,89.23152615
BD40410061,Manirampur,BD4041,444.84,23.00645606,89.21986148
BD40410090,Sharsha,BD4041,340.57,23.04479212,88.94109704
BD40440014,Harinakundu,BD4044,228.66,23.64350865,89.07686969
BD40440019,Jhenaidah Sadar,BD4044,466.93,23.51638682,89.15753517
BD40440033,Kaliganj,BD4044,309.67,23.36959471,89.15233514
BD40440042,Kotchandpur,BD4044,164.36,23.44497008,89.00141696
BD40440071,Maheshpur,BD4044,419.76,23.32017163,88.85970006
BD40440080,Shailkupa,BD4044,376.13,23.66362143,89.24261925
BD40470012,Batiaghata,BD4047,237.38,22.71333993,89.51491534
BD40470017,Dacope,BD4047,1103.69,22.24203107,89.52637642
BD40470040,Dighalia,BD4047,86.29,22.92151447,89.55377852
BD40470030,Dumuria,BD4047,456.13,22.80576338,89.39802703
BD40470053,Koyra,BD4047,1762.95,22.07788302,89.3950567
BD40470064,Paikgachha,BD4047,378.33,22.59006747,89.34020164
BD40470069,Phultala,BD4047,76.81,22.94830901,89.45416809
BD40470075,Rupsa,BD4047,119.61,22.81922745,89.63623389
BD40470094,Terokhada,BD4047,189.45,22.91397441,89.65512323
BD40500015,Bheramara,BD4050,151.16,24.0562809,88.98115536
BD40500039,Daulatpur,BD4050,483.72,24.03425965,88.83553965
BD40500063,Khoksa,BD4050,106.58,23.8108428,89.30040417
BD40500071,Kumarkhali,BD4050,267.94,23.85817582,89.21033767
BD40500079,Kushtia Sadar,BD4050,319.72,23.82447726,89.08978509
BD40500094,Mirpur,BD4050,310.14,23.89715846,88.98617202
BD40550057,Magura Sadar,BD4055,401.61,23.45188316,89.41242724
BD40550066,Mohammadpur,BD4055,226.42,23.40009353,89.55069065
BD40550085,Shalikha,BD4055,229.21,23.34769219,89.35926814
BD40550095,Sreepur,BD4055,185.1,23.59766202,89.42412163
BD40570047,Gangni,BD4057,340.35,23.85742395,88.77069557
BD40570087,Meherpur Sadar,BD4057,264.05,23.7652793,88.6614059
BD40570060,Mujibnagar,BD4057,113.93,23.66804173,88.62066855
BD40650028,Kalia,BD4065,300.76,23.02924849,89.64163082
BD40650052,Lohagara,BD4065,292.23,23.20424901,89.6241797
BD40650076,Narail Sadar,BD4065,390.95,23.15493941,89.49509628
BD40870004,Ashashuni,BD4087,378.46,22.51924727,89.18743219
BD40870025,Debhata,BD4087,173.46,22.5965225,89.01346306
BD40870043,Kalaroa,BD4087,233.45,22.88034049,89.03019097
BD40870047,Kaliganj,BD4087,330.11,22.44743606,89.06238055
BD40870082,Satkhira Sadar,BD4087,399.55,22.72028952,89.03826939
BD40870086,Shyamnagar,BD4087,2109.41,22.01217711,89.18060186
BD40870090,Tala,BD4087,338.55,22.73989638,89.21059096
BD50100006,Adamdighi,BD5010,170.62,24.80008982,89.05968137
BD50100020,Bogura Sadar,BD5010,178.09,24.89539917,89.35605547
BD50100027,Dhunat,BD5010,251.89,24.68260297,89.55015673
BD50100033,Dupchachia,BD5010,165.48,24.88236608,89.13984044
BD50100040,Gabtali,BD5010,244.01,24.8872405,89.46482964
BD50100054,Kahaloo,BD5010,237.79,24.83250864,89.25142354
BD50100067,Nandigram,BD5010,271.98,24.68118488,89.22715695
BD50100081,Sariakandi,BD5010,416.29,24.8789082,89.61656334
BD50100085,Shajahanpur,BD5010,221.31,24.76021686,89.3755597
BD50100088,Sherpur,BD5010,297.0,24.62867573,89.42257132
BD50100094,Shibganj,BD5010,315.68,25.01683461,89.30649345
BD50100095,Sonatala,BD5010,159.98,24.99736498,89.51417967
BD50700018,Bholahat,BD5070,123.44,24.89721664,88.20949302
BD50700066,Chapainawabganj Sadar,BD5070,438.27,24.56534241,88.25806499
BD50700037,Gomastapur,BD5070,318.81,24.85857325,88.35544732
BD50700056,Nachole,BD5070,283.26,24.72706303,88.3963179
BD50700088,Shibganj,BD5070,525.59,24.70501636,88.1548792
BD50380013,Akkelpur,BD5038,140.47,24.93348532,89.04202677
BD50380047,Joypurhat Sadar,BD5038,236.32,25.10765486,89.02145393
BD50380058,Kalai,BD5038,166.06,25.07808103,89.19883986
BD50380061,Khetlal,BD5038,143.33,25.02338997,89.11766883
BD50380074,Panchbibi,BD5038,279.68,25.20498364,89.07186488
BD50640003,Atrai,BD5064,262.32,24.62478302,88.98907491
BD50640006,Badalgachhi,BD5064,212.19,24.96745176,88.94253758
BD50640028,Dhamoirhat,BD5064,301.79,25.13051337,88.82415793
BD50640050,Mahadebpur,BD5064,391.94,24.9218421,88.76365987
BD50640047,Manda,BD5064,413.74,24.74630479,88.71198704
BD50640060,Naogaon Sadar,BD5064,277.25,24.81201412,88.89803358
BD50640069,Niamatpur,BD5064,450.5,24.83045479,88.55021021
BD50640075,Patnitala,BD5064,379.66,25.07753255,88.71459304
BD50640079,Porsha,BD5064,258.65,24.99497575,88.51736573
BD50640085,Raninagar,BD5064,246.57,24.71172597,89.02014859
BD50640086,Sapahar,BD5064,244.19,25.11935869,88.53071648
BD50690009,Bagatipara,BD5069,139.26,24.31324989,88.94790182
BD50690015,Baraigram,BD5069,307.65,24.27323686,89.14997336
BD50690041,Gurudaspur,BD5069,200.58,24.37372702,89.20538766
BD50690044,Lalpur,BD5069,323.18,24.1997875,88.98571935
BD50690055,Naldanga,BD5069,175.57,24.50600164,88.97560756
BD50690063,Natore Sadar,BD5069,229.36,24.39709793,88.98996421
BD50690091,Singra,BD5069,529.37,24.52440832,89.18430739
BD50760005,Atgharia,BD5076,181.94,24.10741607,89.28274572
BD50760016,Bera,BD5076,266.89,23.94251893,89.65718472
BD50760019,Bhangura,BD5076,134.75,24.23892741,89.39638738
BD50760022,Chatmohar,BD5076,305.42,24.22410244,89.30321873
BD50760033,Faridpur,BD5076,139.77,24.15813002,89.44947783
BD50760039,Ishwardi,BD5076,269.2,24.08017137,89.09433764
BD50760055,Pabna Sadar,BD5076,429.99,23.99489442,89.28112247
BD50760072,Santhia,BD5076,330.75,24.04342759,89.51589956
BD50760083,Sujanagar,BD5076,333.11,23.89782952,89.51401384
BD50810010,Bagha,BD5081,185.68,24.20594533,88.833999
BD50810012,Bagmara,BD5081,366.15,24.59364101,88.80923132
BD50810025,Charghat,BD5081,174.43,24.30119249,88.77510723
BD50810031,Durgapur,BD5081,199.52,24.46827737,88.76089517
BD50810034,Godagari,BD5081,489.97,24.48314948,88.41492417
BD50810053,Mohanpur,BD5081,161.87,24.55475052,88.64078614
BD50810072,Paba,BD5081,305.28,24.33813369,88.59074395
BD50810082,Puthia,BD5081,196.07,24.41148732,88.82735743
BD50810094,Tanore,BD5081,297.15,24.61985872,88.53090746
BD50880011,Belkuchi,BD5088,164.5,24.29793,89.70147902
BD50880027,Chouhali,BD5088,253.43,24.13944642,89.75743944
BD50880044,Kamarkhanda,BD5088,92.07,24.37750815,89.64226021
BD50880050,Kazipur,BD5088,372.41,24.67158952,89.68890716
BD50880061,Rayganj,BD5088,264.98,24.49221055,89.51526376
BD50880067,Shahjadpur,BD5088,324.62,24.16297216,89.63072075
BD50880078,Sirajganj Sadar,BD5088,325.49,24.4942697,89.68960995
BD50880089,Tarash,BD5088,300.1,24.44537456,89.35780269
BD50880094,Ullapara,BD5088,414.28,24.32784904,89.51823326
BD10040009,Amtali,BD1004,309.91,22.14650328,90.27003676
BD10040019,Bamna,BD1004,99.62,22.27232966,90.05729578
BD10040028,Barguna Sadar,BD1004,376.8,22.12684969,90.10169624
BD10040047,Betagi,BD1004,168.61,22.34818523,90.14935951
BD10040085,Patharghata,BD1004,299.07,22.08967959,89.95942885
BD10040090,Taltali,BD1004,280.96,21.96759531,90.10058791
BD10060002,Agailjhara,BD1006,158.25,22.9676431,90.14047232
BD10060003,Babuganj,BD1006,161.47,22.82461621,90.31272617
BD10060007,Bakerganj,BD1006,404.02,22.55478164,90.39007461
BD10060010,Banaripara,BD1006,134.08,22.81118715,90.12916707
BD10060051,Barishal Sadar (Kotwali),BD1006,242.85,22.71481106,90.40960035
BD10060032,Gaurnadi,BD1006,147.9,22.96981456,90.24285253
BD10060036,Hijla,BD1006,363.34,22.9628024,90.55182414
BD10060062,Mehendiganj,BD1006,406.65,22.81597145,90.51901486
BD10060069,Muladi,BD1006,229.79,22.95514912,90.37599974
BD10060094,Ujirpur,BD1006,246.57,22.86574877,90.16497331
BD10090018,Bhola Sadar,BD1009,435.53,22.70723511,90.6305403
BD10090021,Borhanuddin,BD1009,286.8,22.48540881,90.71537999
BD10090025,Charfasson,BD1009,1221.7,22.04486186,90.72459883
BD10090029,Daulatkhan,BD1009,306.55,22.6420874,90.74547893
BD10090054,Lalmohan,BD1009,381.92,22.30234352,90.77136962
BD10090065,Monpura,BD1009,513.23,22.22216484,90.94308102
BD10090091,Tazumuddin,BD1009,325.92,22.45254839,90.85981809
BD10420040,Jhalokathi Sadar,BD1042,203.98,22.67977942,90.19275327
BD10420043,Kanthalia,BD1042,158.61,22.41941257,90.10206117
BD10420073,Nalchhity,BD1042,209.47,22.6010276,90.27149045
BD10420084,Rajapur,BD1042,163.65,22.54965797,90.13094414
BD10780038,Bauphal,BD1078,487.66,22.43734658,90.54648458
BD10780052,Dashmina,BD1078,301.38,22.25076067,90.55428617
BD10780055,Dumki,BD1078,94.4,22.44825458,90.37305019
BD10780057,Galachipa,BD1078,528.06,22.14780512,90.46051826
BD10780066,Kalapara,BD1078,490.66,21.93370908,90.22168667
BD10780076,Mirzaganj,BD1078,176.44,22.35550943,90.21740561
BD10780095,Patuakhali Sadar,BD1078,366.02,22.33453254,90.32931509
BD10780097,Rangabali,BD1078,680.4,21.93161968,90.43046083
BD10790014,Bhandaria,BD1079,165.81,22.45182375,90.01974753
BD10790090,Indurkani,BD1079,100.5,22.46620998,89.96524888
BD10790047,Kawkhali,BD1079,80.57,22.60625111,90.05726044
BD10790058,Mathbaria,BD1079,351.69,22.2829089,89.94927971
BD10790076,Nazirpur,BD1079,227.93,22.76993652,89.97482465
BD10790087,Nesarabad (Swarupkathi),BD1079,182.57,22.72142509,90.08564362
BD10790080,Pirojpur Sadar,BD1079,163.64,22.60920201,89.97934666
BD45390007,Bakshiganj,BD4539,205.67,25.2144324,89.85216642
BD45390015,Dewanganj,BD4539,261.28,25.2679709,89.76630949
BD45390029,Islampur,BD4539,342.23,25.07564439,89.76306354
BD45390036,Jamalpur Sadar,BD4539,488.81,24.84275893,90.01524092
BD45390058,Madarganj,BD4539,223.61,24.88510913,89.74178896
BD45390061,Melandaha,BD4539,268.67,24.95599302,89.82798691
BD45390085,Sarishabari,BD4539,261.6,24.72155439,89.83061407
BD45610013,Bhaluka,BD4561,446.55,24.38161662,90.35390162
BD45610016,Dhobaura,BD4561,257.33,25.10122351,90.52558027
BD45610020,Fulbaria,BD4561,396.55,24.58684471,90.25615763
BD45610081,Fulpur,BD4561,284.83,24.95293883,90.35294374
BD45610022,Gafargaon,BD4561,397.47,24.39365628,90.54992728
BD45610023,Gouripur,BD4561,282.91,24.75653851,90.58614903
BD45610024,Haluaghat,BD4561,349.49,25.08413627,90.35208288
BD45610031,Ishwarganj,BD4561,278.18,24.64475383,90.59950915
BD45610065,Muktagachha,BD4561,313.56,24.74426562,90.20554409
BD45610052,Mymensingh Sadar,BD4561,282.34,24.84613696,90.26415422
BD45610072,Nandail,BD4561,327.16,24.54947402,90.67677784
BD45610088,Tarakanda,BD4561,281.0,24.86413144,90.46339735
BD45610094,Trishal,BD4561,336.14,24.56370418,90.41044074
BD45720004,Atpara,BD4572,193.76,24.79395945,90.87706885
BD45720009,Barhatta,BD4572,221.17,24.92234073,90.88506443
BD45720018,Durgapur,BD4572,277.23,25.0890702,90.6833433
BD45720040,Kalmakanda,BD4572,383.71,25.07759048,90.85761154
BD45720047,Kendua,BD4572,311.2,24.67804297,90.80216919
BD45720038,Khaliajuri,BD4572,292.72,24.70497783,91.12181656
BD45720056,Madan,BD4572,226.32,24.67829123,90.96698729
BD45720063,Mohanganj,BD4572,242.28,24.827911,91.02336058
BD45720074,Netrakona Sadar,BD4572,334.6,24.88718661,90.73811233
BD45720083,Purbadhala,BD4572,317.13,24.93402036,90.60294175
BD45890037,Jhenaigati,BD4589,203.42,25.18241144,90.05414329
BD45890067,Nakla,BD4589,171.18,24.95798125,90.18478482
BD45890070,Nalitabari,BD4589,333.43,25.11729884,90.18440043
BD45890088,Sherpur Sadar,BD4589,351.47,24.99084023,90.02163529
BD45890090,Sreebardi,BD4589,268.49,25.16484943,89.95713439
BD55270010,Birampur,BD5527,214.28,25.3799376,88.96340196
BD55270012,Birganj,BD5527,414.68,25.92942183,88.62578221
BD55270017,Birol,BD5527,350.95,25.6468912,88.54722616
BD55270021,Bochaganj,BD5527,223.19,25.786215,88.45332443
BD55270030,Chirirbandar,BD5527,315.59,25.666732,88.78325675
BD55270064,Dinajpur Sadar,BD5527,355.41,25.60820914,88.67571762
BD55270038,Fulbari,BD5527,233.39,25.47137881,88.90073652
BD55270043,Ghoraghat,BD5527,152.58,25.28733313,89.21475129
BD55270047,Hakimpur,BD5527,101.18,25.29276704,89.06120429
BD55270056,Kaharole,BD5527,205.76,25.80245749,88.5985003
BD55270060,Khansama,BD5527,179.88,25.87170113,88.76460004
BD55270069,Nababganj,BD5527,316.71,25.42088957,89.09055668
BD55270077,Parbatipur,BD5527,396.51,25.61976841,88.92296933
BD55320021,Fulchhari,BD5532,310.67,25.25378546,89.65325858
BD55320024,Gaibandha Sadar,BD5532,324.32,25.35001584,89.56561501
BD55320030,Gobindaganj,BD5532,461.65,25.15773216,89.36972742
BD55320067,Palashbari,BD5532,185.53,25.26506469,89.39175132
BD55320082,Sadullapur,BD5532,228.6,25.39485471,89.42568996
BD55320088,Saghata,BD5532,233.36,25.1251917,89.56345058
BD55320091,Sundarganj,BD5532,406.38,25.51016336,89.56182562
BD55490006,Bhurungamari,BD5549,230.35,26.11552584,89.69340888
BD55490009,Chilmari,BD5549,243.62,25.56393785,89.71820959
BD55490052,Kurigram Sadar,BD5549,274.05,25.82725828,89.69146386
BD55490061,Nageshwari,BD5549,416.27,25.95992217,89.73954435
BD55490018,Phulbari,BD5549,160.94,25.94768997,89.571724
BD55490077,Rajarhat,BD5549,163.29,25.78741372,89.54159745
BD55490008,Rajibpur,BD5549,113.69,25.44429196,89.76420813
BD55490079,Roumari,BD5549,200.23,25.59306707,89.82808122
BD55490094,Ulipur,BD5549,465.14,25.68970821,89.66873442
BD55520002,Aditmari,BD5552,189.72,25.94295908,89.36819323
BD55520033,Hatibandha,BD5552,286.52,26.12026719,89.1436277
BD55520039,Kaliganj,BD5552,237.61,25.98561274,89.24170563
BD55520055,Lalmonirhat Sadar,BD5552,262.53,25.87870187,89.4533625
BD55520070,Patgram,BD5552,259.33,26.34342513,89.01951962
BD55730012,Dimla,BD5573,333.13,26.17310954,88.9738563
BD55730015,Domar,BD5573,251.37,26.15958625,88.82543146
BD55730036,Jaldhaka,BD5573,308.07,26.03119206,88.99362175
BD55730045,Kishoreganj,BD5573,208.18,25.89799915,89.03314087
BD55730064,Nilphamari Sadar,BD5573,373.82,25.94204608,88.85474141
BD55730085,Saidpur,BD5573,121.7,25.80367107,88.92050498
BD55770004,Atowari,BD5577,208.2,26.25081731,88.42459873
BD55770025,Boda,BD5577,338.63,26.23502554,88.61881927
BD55770034,Debiganj,BD5577,303.7,26.12695233,88.7173732
BD55770073,Panchagarh Sadar,BD5577,362.71,26.36478029,88.591095
BD55770090,Tentulia,BD5577,190.59,26.51251074,88.43057717
BD55850003,Badarganj,BD5585,301.29,25.66776884,89.05492385
BD55850027,Gangachara,BD5585,245.04,25.88015073,89.20096031
BD55850042,Kaunia,BD5585,148.01,25.76638064,89.39371603
BD55850058,Mithapukur,BD5585,518.09,25.57212022,89.26091919
BD55850073,Pirgachha,BD5585,264.31,25.66502233,89.422271
BD55850076,Pirganj,BD5585,411.97,25.42579893,89.27470198
BD55850049,Rangpur Sadar,BD5585,137.91,25.75121974,89.15060773
BD55850092,Taraganj,BD5585,129.17,25.78336557,89.03331225
BD55940008,Baliadangi,BD5594,280.35,26.10819674,88.2634769
BD55940051,Haripur,BD5594,200.06,25.87881874,88.15452214
BD55940082,Pirganj,BD5594,353.63,25.84245298,88.36790187
BD55940086,Ranishankail,BD5594,291.02,25.94076753,88.24587287
BD55940094,Thakurgaon Sadar,BD5594,680.56,26.07173216,88.46375411
BD60360002,Ajmiriganj,BD6036,179.59,24.55351135,91.28139364
BD60360005,Bahubal,BD6036,263.78,24.36138845,91.54463994
BD60360011,Baniachong,BD6036,514.11,24.49883031,91.36685634
BD60360026,Chunarughat,BD6036,504.05,24.18000387,91.51582163
BD60360044,Habiganj Sadar,BD6036,188.6,24.35093059,91.41578016
BD60360068,Lakhai,BD6036,191.16,24.29851486,91.26089226
BD60360071,Madhabpur,BD6036,280.46,24.12035765,91.33739435
BD60360077,Nabiganj,BD6036,441.49,24.57071941,91.54818498
BD60360087,Shayestaganj,BD6036,47.46,24.27497717,91.40681882
BD60580014,Baralekha,BD6058,384.46,24.70854578,92.17635211
BD60580035,Juri,BD6058,245.23,24.55392188,92.14517559
BD60580056,Kamalganj,BD6058,417.21,24.31685165,91.86015204
BD60580065,Kulaura,BD6058,502.5,24.48996524,92.01511303
BD60580074,Moulvibazar Sadar,BD6058,345.3,24.4993968,91.71316807
BD60580080,Rajnagar,BD6058,347.25,24.56522658,91.86352334
BD60580083,Sreemangal,BD6058,431.56,24.30220515,91.69901682
BD60900018,Bishwambharpur,BD6090,190.0,25.10888415,91.31523834
BD60900023,Chhatak,BD6090,438.99,24.94892153,91.61454158
BD60900029,Derai,BD6090,399.07,24.78742253,91.33608142
BD60900032,Dharmapasha,BD6090,273.97,24.9442515,91.0637998
BD60900033,Dowarabazar,BD6090,274.81,25.07164732,91.56119491
BD60900047,Jagannathpur,BD6090,368.62,24.75016803,91.55672295
BD60900050,Jamalganj,BD6090,334.4,24.95589373,91.20325709
BD60900063,Madhyanagar,BD6090,227.53,25.09020205,91.0132659
BD60900086,Shalla,BD6090,258.12,24.68747144,91.25886283
BD60900087,Shantiganj,BD6090,311.51,24.9123799,91.40777623
BD60900089,Sunamganj Sadar,BD6090,276.49,25.0538758,91.39998186
BD60900092,Tahirpur,BD6090,313.33,25.12901357,91.16369632
BD60910008,Balaganj,BD6091,170.65,24.68865059,91.82992075
BD60910017,Beanibazar,BD6091,246.48,24.84934837,92.15957094
BD60910020,Bishwanath,BD6091,210.55,24.83470762,91.72814054
BD60910027,Companiganj,BD6091,261.87,25.0799183,91.77309913
BD60910031,Dakkhin Surma,BD6091,189.6,24.81711992,91.87712889
BD60910035,Fenchuganj,BD6091,112.26,24.69358233,91.96304017
BD60910038,Golapganj,BD6091,273.0,24.81047474,92.01838458
BD60910041,Gowainghat,BD6091,486.02,25.08145524,91.95895822
BD60910053,Jaintapur,BD6091,268.88,25.05799543,92.1045136
BD60910059,Kanaighat,BD6091,400.98,24.9932219,92.21911505
BD60910060,Osmaninagar,BD6091,215.14,24.70336209,91.73194607
BD60910062,Sylhet Sadar,BD6091,295.66,24.94433953,91.84586196
BD60910094,Zakiganj,BD6091,264.1,24.92531685,92.36786009
BD20151600,Chattogram City Corporation,BD2015,198.54,22.34552085,91.80897271
BD20195000,Cumilla City Corporation,BD2019,52.31,23.43375045,91.1833508
BD30262500,Dhaka North City Corporation,BD3026,205.29,23.82077798,90.40619118
BD30262000,Dhaka South City Corporation,BD3026,98.94,23.72675466,90.43742437
BD30333300,Gazipur City Corporation,BD3033,319.66,23.98319059,90.38473992
BD30674400,Narayanganj City Corporation,BD3067,48.71,23.65271449,90.51036212
BD40473300,Khulna City Corporation,BD4047,46.62,22.83731845,89.54114406
BD50816600,Rajshahi City Corporation,BD5081,46.48,24.38077324,88.60874761
BD10065000,Barishal City Corporation,BD1006,58.5,22.70206962,90.34233632
BD45614000,Mymensingh City Corporation,BD4561,99.28,24.74981075,90.40580762
BD55857500,Rangpur City Corporation,BD5585,207.3,25.7532263,89.24423406
BD60915000,Sylhet City Corporation,BD6091,27.05,24.89493179,91.87179483
