crop,pest,conditions
Aus,Sheath Rot,"Temp: 25-28°C, RH: >90%, Cloudy"
Aus,Blast,"Temp: 16-30°C, RH: >90%, Cloudy, Wet"
Aus,Stem Borer,"Temp: 20.3-34.7°C, RH: >84%, Dry"
Aus,Leaf Roller,"Temp: 32-33°C, RH: 92-95%"
Aus,Rice Bug,"Temp: Max 31.9°C, RH: <66.4%, Dry, Intermittent Rain"
Aus,Brown Plant Hopper,"Temp: >32°C, RH: 80-90%, Drizzle, Wet"
Aus,Rat,"Cloudy, High Humidity"
Boro,Brown Plant Hopper,"Temp: >32°C, RH: 80-90%, Drizzle, Wet spell, Rainfall <75mm"
Boro,Stem Borer,"Temp: 20.3-34.7°C, RH: >84% (morning), 38.7% (afternoon), Dry"
Boro,Rice Hispa,"Temp: 28-32°C, RH: >80%, Wet weather"
Boro,Leaf Roller,"Temp: 32-33°C, RH: 92-95%"
Boro,Rice Bug,"Temp: Max 31.9°C, RH: <66.4%, Dry, Intermittent rain"
Boro,Sheath Blight,"Temp: 25-30°C, RH: >90%, Wet, Cloudy"
Boro,Blast,"Temp: 16-30°C, RH: >90%, Cloudy, Wet spell"
Boro,Bacterial Leaf Blight,"Temp: 25-34°C, RH: >80%, High Rainfall"
Boro,False Smut,"Temp: 25-30°C, RH: >90%, Wet, Cloudy"
Boro,Tungro Virus,"Temp: 25-30°C, RH: 70-90%, Wet, Cloudy"
Aman,Blast,"Night: 16-20°C, Day: 25-30°C, RH: >90%, Cloudy, Wet spell, Night temp >10°C"
Aman,Sheath Rot,"25-28°C, RH: >90%, Cloudy"
Aman,Stem Borer,"Min: >20.3°C, Max: 29.5-34.7°C, Opt: 24-29°C, Morning RH: >84%, Afternoon RH: >38.7%, Dry"
Aman,Leaf Roller,"Max: 32-33°C, RH: 92-95%"
Aman,Brown Plant Hopper,">32°C, RH: 80-90%, Drizzle, Wet spell, Rainfall <75 mm"
Aman,Rice Bug,"Max: >31.9°C, Min: <22.1°C, Morning RH: >93.9%, Afternoon RH: <66.4%, Bright sunshine >5.9 hrs, Dry or intermittent rain, Weekly rainfall <40.9 mm"
Wheat,Blast,"Continuous rains, avg temp: 18-20°C during flowering, followed by sunny weather, humid days, intensity increases at 30°C with high RH"
Wheat,Leaf Rust,"Temp: 15-25°C, rain, high dew"
Wheat,Stem Borer,"Max: 31.9-33.9°C, Min: 22.2-26.3°C, Avg: 26.9-29.5°C, RH: 80%, rainfall"
Wheat,Aphid,"Mean temp: 18.7°C, RH: 71%, mean weekly temp: 29.1°C, RH: 55%"
Maize,Blast,"Continuous rains, Avg temp: 18-20°C during flowering, followed by sunny weather, Humid days, Intensity increases at 30°C with high RH"
Maize,Leaf Rust,"Temp: 15-25°C, Rain, High dew"
Maize,Stem Borer,"Max: 31.9-33.9°C, Min: 22.2-26.3°C, Avg: 26.9-29.5°C, RH: 80%, Rainfall"
Maize,Aphid,"Mean temp: 18.7°C, RH: 71%, Mean weekly temp: 29.1°C, RH: 55%"
Potato,Blast,"Continuous rains, Avg temp: 18-20°C during flowering, followed by sunny weather, Humid days, Intensity increases at 30°C with high RH"
Potato,Leaf Rust,"Temp: 15-25°C, Rain, High dew"
Potato,Stem Borer,"Max: 31.9-33.9°C, Min: 22.2-26.3°C, Avg: 26.9-29.5°C, RH: 80%, Rainfall"
Potato,Aphid,"Mean temp: 18.7°C, RH: 71%, Mean weekly temp: 29.1°C, RH: 55%"
Lentil,Blast,"Continuous rains, Avg temp: 18-20°C during flowering, followed by sunny weather, Humid days, Intensity increases at 30°C with high RH"
Lentil,Leaf Rust,"Temp: 15-25°C, Rain, High dew"
Lentil,Stem Borer,"Max: 31.9-33.9°C, Min: 22.2-26.3°C, Avg: 26.9-29.5°C, RH: 80%, Rainfall"
Lentil,Aphid,"Mean temp: 18.7°C, RH: 71%, Mean weekly temp: 29.1°C, RH: 55%"
Mung,Cercospora Leaf Spot,"Temp: 25-35°C, Night Temp: >16°C, RH: 90-95%"
Mung,Yellow Mosaic,"Temp: 17-30°C, RH: 65-70%, Rainfall: 8-10 mm (for vector: whitefly)"
Mung,Thrips,"Dry and moderately high Temp: 16-28°C, Rainfall: 30 mm"
Mung,Aphid,"Temp: 18-25°C, RH: 60-70%"
Mung,Pod Borer,"Temp: 16-30°C, RH: 50-85%, Sunshine Hours: 6.4"
Gram,Cercospora Leaf Spot,"Temp: 25-35°C, Night temp: >16°C, RH: 90-95%"
Gram,Powdery Mildew,"Temp: 20-25°C, Moderately humid weather"
Gram,Yellow Mosaic Virus,"Temp: 17-30°C, RH: 65-70%, Rainfall: 8-10 mm (for vector: whitefly)"
Gram,Hairy Caterpillar,High temperature and high humidity
Gram,Thrips,"Temp: 16-28°C, Dry and moderately high temperature, Rainfall: 30 mm"
Gram,Aphid,"Temp: 18-25°C, RH: 60-70%"
Gram,Pod Borer,"Temp: 16-30°C, RH: 50-85%, Sunshine hours: 6.4"
Gram,Flea Beetle,"Warm, dry, and calm weather"
Mustard,Alternaria Leaf Blight,"25-28°C, Heavy dew"
Mustard,Stem Rot,"27-35°C, Humid conditions, Low pH (<7.0), Dry sandy loam soil"
Mustard,Aphid,"16-30°C, RH: 50-85%, Cloudy weather"
Groundnut,Alternaria Leaf Blight,"25-28°C, Heavy dew"
Groundnut,Stem Rot,"27-35°C, Humid conditions, Low pH (<7.0), Dry sandy loam soil"
Groundnut,Aphid,"16-30°C, RH: 50-85%, Cloudy weather"
Chili,Alternaria Leaf Blight,"25-28°C, Heavy dew"
Chili,Stem Rot,"27-35°C, Humid conditions, Low pH (<7.0), Dry sandy loam soil"
Chili,Aphid,"16-30°C, RH: 50-85%, Cloudy weather"
Onion,Thrips,"Hot and dry weather increases population; RH: 47.6% to 78.62%, Heavy rainfall reduces population"
Onion,Common Cut Worm,Favored by low temperature and high RH; Upper threshold: 37°C; RH: 50% to 90%
Onion,Purple Blotch,"Warm temperature: 21-30°C; High humidity: 80-90%; Moderate to heavy frequent rainfall, heavy dew (12+ hours) favors development"
Onion,Basal Bulb Rot,Atmospheric temp: 25-32°C; Soil temp: 25-28°C; High soil moisture; RH: >70%; Dry atmospheric conditions
Garlic,Thrips,Hot and dry weather increases population; RH: 47.6% to 78.62%; Heavy rainfall reduces population
Garlic,Common Cut Worm,Favored by low temperature and high RH; Upper threshold: 37°C; RH: 50% to 90%
Garlic,Purple Blotch,"Warm temperature: 21-30°C; High humidity: 80-90%; Moderate to heavy frequent rainfall, heavy dew (12+ hours) favors development"
Garlic,Basal Bulb Rot,Atmospheric temp: 25-32°C; Soil temp: 25-28°C; High soil moisture; RH: >70%; Dry atmospheric conditions
Sugarcane,Thrips,Hot and dry weather increases population; RH: 47.6% to 78.62%; Heavy rainfall reduces population
Sugarcane,Common Cut Worm,Favored by low temperature and high RH; Upper threshold: 37°C; RH: 50% to 90%
Sugarcane,Purple Blotch,"Warm temperature: 21-30°C; High humidity: 80-90%; Moderate to heavy frequent rainfall, heavy dew (12+ hours) favors development"
Sugarcane,Basal Bulb Rot,Atmospheric temp: 25-32°C; Soil temp: 25-28°C; High soil moisture; RH: >70%; Dry atmospheric conditions
Jute,Stem Rot,"Temp: 15-40°C, warm and dry weather"
Jute,Black Band,Temp: 25-28°C
Jute,Leaf Mosaic Virus,"Temp: 20-30°C, RH around 80% (for vector: whitefly)"
Jute,Seedling Blight,Higher soil temperature
Jute,Root Knot,High temperature and prolonged waterlogging
Jute,Field Cricket,"Temp: 27-32°C, dry weather, loamy and sandy-loam soil"
Jute,Jute Hairy Caterpillar,"High temperature, high humidity, and cloudy weather"
Jute,Jute Semi-Lopper,"Temp: 28-34°C, RH: 65-85%, Rainfall: 20-100 mm"
Jute,Jute Yellow Mite,Dry and hot weather
