barc_district,barc_upazila,adm2_pcode,adm2_name,adm3_pcode,adm3_name,center_lat,center_lon,match_method
BARGUNA,Bamna,BD1004,Barguna,BD10040019,Bamna,22.27232966,90.05729578,exact
BARGUNA,Betagi,BD1004,Barguna,BD10040047,Betagi,22.34818523,90.14935951,exact
BARISAL,Babuganj,BD1006,Barishal,BD10060003,Babuganj,22.82461621,90.31272617,exact
BARISAL,Bakerganj,BD1006,Barishal,BD10060007,Bakerganj,22.55478164,90.39007461,exact
BARISAL,Banaripara,BD1006,Barishal,BD10060010,Banaripara,22.81118715,90.12916707,exact
BARISAL,Gaurnadi,BD1006,Barishal,BD10060032,Gaurnadi,22.96981456,90.24285253,exact
BARISAL,Hizla,BD1006,Barishal,BD10060036,Hijla,22.9628024,90.55182414,fuzzy:hijla
BARISAL,Barisal,BD1006,Barishal,BD10060051,Barishal Sadar (Kotwali),22.71481106,90.40960035,sadar
BARISAL,Mehendiganj,BD1006,Barishal,BD10060062,Mehendiganj,22.81597145,90.51901486,exact
BARISAL,Muladi,BD1006,Barishal,BD10060069,Muladi,22.95514912,90.37599974,exact
BHOLA,Bhola,BD1009,Bhola,BD10090018,Bhola Sadar,22.70723511,90.6305403,sadar
BHOLA,Daulatkhan,BD1009,Bhola,BD10090029,Daulatkhan,22.6420874,90.74547893,exact
BHOLA,Tajumuddin,BD1009,Bhola,BD10090091,Tazumuddin,22.45254839,90.85981809,fuzzy:tazumuddin
JHALAKATI,Jhalakati,BD1042,Jhalokati,BD10420040,Jhalokathi Sadar,22.67977942,90.19275327,sadar
JHALAKATI,Kathalia,BD1042,Jhalokati,BD10420043,Kanthalia,22.41941257,90.10206117,fuzzy:kanthalia
JHALAKATI,Nalchiti,BD1042,Jhalokati,BD10420073,Nalchhity,22.6010276,90.27149045,fuzzy:nalchhity
JHALAKATI,Rajapur,BD1042,Jhalokati,BD10420084,Rajapur,22.54965797,90.13094414,exact
PATUAKHALI,Bauphal,BD1078,Patuakhali,BD10780038,Bauphal,22.43734658,90.54648458,exact
PATUAKHALI,Dashmina,BD1078,Patuakhali,BD10780052,Dashmina,22.25076067,90.55428617,exact
PATUAKHALI,Mirzaganj,BD1078,Patuakhali,BD10780076,Mirzaganj,22.35550943,90.21740561,exact
PATUAKHALI,Patuakhali,BD1078,Patuakhali,BD10780095,Patuakhali Sadar,22.33453254,90.32931509,sadar
PIROJPUR,Bhandaria,BD1079,Pirojpur,BD10790014,Bhandaria,22.45182375,90.01974753,exact
PIROJPUR,Kawkhali,BD1079,Pirojpur,BD10790047,Kawkhali,22.60625111,90.05726044,exact
PIROJPUR,Sarupkati,BD1079,Pirojpur,BD10790087,Nesarabad (Swarupkathi),22.72142509,90.08564362,manual
COMILLA,Chauddagram,BD2019,Cumilla,BD20190031,Chauddagram,23.22183679,91.27969434,exact
COMILLA,Nangalkot,BD2019,Cumilla,BD20190087,Nangalkot,23.14025225,91.20909928,exact
FENI,Daganbhuiya,BD2030,Feni,BD20300025,Daganbhuiyan,22.97202602,91.29997117,fuzzy:daganbhuiyan
FENI,Parshuram,BD2030,Feni,BD20300051,Parashuram,23.20244186,91.43849193,fuzzy:parashuram
FENI,Sonagazi,BD2030,Feni,BD20300094,Sonagazi,22.85375019,91.396878,exact
NOAKHALI,Begumganj,BD2075,Noakhali,BD20750007,Begumganj,22.93091025,91.09425854,exact
NOAKHALI,Senbag,BD2075,Noakhali,BD20750080,Senbag,22.99063881,91.21267406,exact
FARIDPUR,Char Bhadrasan,BD3029,Faridpur,BD30290021,Char Bhadrasan,23.59005054,89.98012695,exact
FARIDPUR,Faridpur,BD3029,Faridpur,BD30290047,Faridpur Sadar,23.5974305,89.81272444,sadar
FARIDPUR,Madhukhali,BD3029,Faridpur,BD30290056,Madhukhali,23.54110013,89.61112757,exact
FARIDPUR,Sadarpur,BD3029,Faridpur,BD30290084,Sadarpur,23.49841249,90.05092519,exact
JAMALPUR,Jamalpur,BD4539,Jamalpur,BD45390036,Jamalpur Sadar,24.84275893,90.01524092,sadar
JAMALPUR,Melandaha,BD4539,Jamalpur,BD45390061,Melandaha,24.95599302,89.82798691,exact
KISHOREGANJ,Hossainpur,BD3048,Kishoreganj,BD30480027,Hossainpur,24.44832765,90.66335442,exact
KISHOREGANJ,Katiadi,BD3048,Kishoreganj,BD30480045,Katiadi,24.2952187,90.82084672,exact
KISHOREGANJ,Kishoreganj,BD3048,Kishoreganj,BD30480049,Kishoreganj Sadar,24.42594991,90.78325593,sadar
KISHOREGANJ,Pakundia,BD3048,Kishoreganj,BD30480079,Pakundia,24.32148898,90.69366131,exact
MYMENSINGH,Gafargaon,BD4561,Mymensingh,BD45610022,Gafargaon,24.39365628,90.54992728,exact
MYMENSINGH,Gouripur,BD4561,Mymensingh,BD45610023,Gouripur,24.75653851,90.58614903,exact
MYMENSINGH,Ishwarganj,BD4561,Mymensingh,BD45610031,Ishwarganj,24.64475383,90.59950915,exact
MYMENSINGH,Mymensingh,BD4561,Mymensingh,BD45610052,Mymensingh Sadar,24.84613696,90.26415422,sadar
MYMENSINGH,Muktagachha,BD4561,Mymensingh,BD45610065,Muktagachha,24.74426562,90.20554409,exact
MYMENSINGH,Nandail,BD4561,Mymensingh,BD45610072,Nandail,24.54947402,90.67677784,exact
MYMENSINGH,Trisal,BD4561,Mymensingh,BD45610094,Trishal,24.56370418,90.41044074,fuzzy:trishal
NETRAKONA,Purbadhala,BD4572,Netrakona,BD45720083,Purbadhala,24.93402036,90.60294175,exact
RAJBARI,Rajbari,BD3082,Rajbari,BD30820076,Rajbari Sadar,23.71718423,89.65606415,sadar
SHERPUR,Jhenaigati,BD4589,Sherpur,BD45890037,Jhenaigati,25.18241144,90.05414329,exact
SHERPUR,Nakla,BD4589,Sherpur,BD45890067,Nakla,24.95798125,90.18478482,exact
SHERPUR,Nalitabari,BD4589,Sherpur,BD45890070,Nalitabari,25.11729884,90.18440043,exact
KHULNA,Khulna Metro,BD4047,Khulna,BD40473300,Khulna City Corporation,22.83731845,89.54114406,manual
MAGURA,Sripur,BD4055,Magura,BD40550095,Sreepur,23.59766202,89.42412163,manual
BOGRA,Gabtali,BD5010,Bogura,BD50100040,Gabtali,24.8872405,89.46482964,exact
BOGRA,Kahalu,BD5010,Bogura,BD50100054,Kahaloo,24.83250864,89.25142354,manual
BOGRA,Shibganj,BD5010,Bogura,BD50100094,Shibganj,25.01683461,89.30649345,exact
BOGRA,Sonatala,BD5010,Bogura,BD50100095,Sonatala,24.99736498,89.51417967,exact
DINAJPUR,Birampur,BD5527,Dinajpur,BD55270010,Birampur,25.3799376,88.96340196,exact
DINAJPUR,Chirirbandar,BD5527,Dinajpur,BD55270030,Chirirbandar,25.666732,88.78325675,exact
DINAJPUR,Hakimpur,BD5527,Dinajpur,BD55270047,Hakimpur,25.29276704,89.06120429,exact
DINAJPUR,Parbatipur,BD5527,Dinajpur,BD55270077,Parbatipur,25.61976841,88.92296933,exact
GAIBANDHA,Gaibandha,BD5532,Gaibandha,BD55320024,Gaibandha Sadar,25.35001584,89.56561501,sadar
GAIBANDHA,Gobindaganj,BD5532,Gaibandha,BD55320030,Gobindaganj,25.15773216,89.36972742,exact
GAIBANDHA,Palashbari,BD5532,Gaibandha,BD55320067,Palashbari,25.26506469,89.39175132,exact
GAIBANDHA,Sadullapur,BD5532,Gaibandha,BD55320082,Sadullapur,25.39485471,89.42568996,exact
GAIBANDHA,Shaghata,BD5532,Gaibandha,BD55320088,Saghata,25.1251917,89.56345058,fuzzy:saghata
GAIBANDHA,Sundarganj,BD5532,Gaibandha,BD55320091,Sundarganj,25.51016336,89.56182562,exact
JOYPURHAT,Joypurhat,BD5038,Joypurhat,BD50380047,Joypurhat Sadar,25.10765486,89.02145393,sadar
JOYPURHAT,Kalai,BD5038,Joypurhat,BD50380058,Kalai,25.07808103,89.19883986,exact
JOYPURHAT,Khetlal,BD5038,Joypurhat,BD50380061,Khetlal,25.02338997,89.11766883,exact
KURIGRAM,Nageshwari,BD5549,Kurigram,BD55490061,Nageshwari,25.95992217,89.73954435,exact
KURIGRAM,Rajarhat,BD5549,Kurigram,BD55490077,Rajarhat,25.78741372,89.54159745,exact
KURIGRAM,Ruhumari,BD5549,Kurigram,BD55490079,Roumari,25.59306707,89.82808122,fuzzy:roumari
LALMONIRHAT,Aditmari,BD5552,Lalmonirhat,BD55520002,Aditmari,25.94295908,89.36819323,exact
LALMONIRHAT,Patgram,BD5552,Lalmonirhat,BD55520070,Patgram,26.34342513,89.01951962,exact
NILPHAMARI,Domar,BD5573,Nilphamari,BD55730015,Domar,26.15958625,88.82543146,exact
NILPHAMARI,Nilphamari,BD5573,Nilphamari,BD55730064,Nilphamari Sadar,25.94204608,88.85474141,sadar
NILPHAMARI,Saidpur,BD5573,Nilphamari,BD55730085,Saidpur,25.80367107,88.92050498,exact
PANCHAGARH,Boda,BD5577,Panchagarh,BD55770025,Boda,26.23502554,88.61881927,exact
PANCHAGARH,Panchagar,BD5577,Panchagarh,BD55770073,Panchagarh Sadar,26.36478029,88.591095,manual
RANGPUR,Mithapukur,BD5585,Rangpur,BD55850058,Mithapukur,25.57212022,89.26091919,exact
RANGPUR,Pirgachha,BD5585,Rangpur,BD55850073,Pirgachha,25.66502233,89.422271,exact
RANGPUR,Taraganj,BD5585,Rangpur,BD55850092,Taraganj,25.78336557,89.03331225,exact
THAKURGAON,Baliadangi,BD5594,Thakurgaon,BD55940008,Baliadangi,26.10819674,88.2634769,exact
MOULVI BAZAR,Kamalganj,BD6058,Moulvibazar,BD60580056,Kamalganj,24.31685165,91.86015204,exact
MOULVI BAZAR,Srimangal,BD6058,Moulvibazar,BD60580083,Sreemangal,24.30220515,91.69901682,fuzzy:sreemangal
BARGUNA,Borguna,BD1004,Barguna,BD10040028,Barguna Sadar,22.12684969,90.10169624,manual
BARISAL,Agailjhara,BD1006,Barishal,BD10060002,Agailjhara,22.9676431,90.14047232,exact
PIROJPUR,Mathbaria,BD1079,Pirojpur,BD10790058,Mathbaria,22.2829089,89.94927971,exact
BRAHMANBARIA,Kasba,BD2012,Brahmanbaria,BD20120063,Kasba,23.76086796,91.13132405,exact
CHANDPUR,Chandpur,BD2013,Chandpur,BD20130022,Chandpur Sadar,23.23175162,90.6513703,sadar
CHANDPUR,Faridganj,BD2013,Chandpur,BD20130045,Faridganj,23.1441551,90.76190402,exact
CHANDPUR,Haimchar,BD2013,Chandpur,BD20130047,Haimchar,23.076609,90.61716648,exact
CHANDPUR,Hajiganj,BD2013,Chandpur,BD20130049,Hajiganj,23.25779613,90.83747836,exact
CHANDPUR,Kachua,BD2013,Chandpur,BD20130058,Kachua,23.35926547,90.88289267,exact
CHANDPUR,Matlab,BD2013,Chandpur,BD20130076,Matlab Dakkhin,23.34815058,90.74730936,manual
CHANDPUR,Matlab,BD2013,Chandpur,BD20130079,Matlab Uttar,23.4101348,90.64106338,manual
CHANDPUR,Shahrasti,BD2013,Chandpur,BD20130095,Shahrasti,23.20587855,90.95691718,exact
CHITTAGONG,Anwara,BD2015,Chattogram,BD20150004,Anwara,22.19757387,91.8786927,exact
CHITTAGONG,Boalkhali,BD2015,Chattogram,BD20150012,Boalkhali,22.37729487,91.96622113,exact
COMILLA,Barura,BD2019,Cumilla,BD20190009,Barura,23.35688513,91.04002614,exact
COMILLA,Brahmanpara,BD2019,Cumilla,BD20190015,Brahmanpara,23.64701097,91.09595838,exact
COMILLA,Burichang,BD2019,Cumilla,BD20190018,Burichang,23.53518256,91.11687246,exact
COMILLA,Chandina,BD2019,Cumilla,BD20190027,Chandina,23.44627926,90.94481512,exact
COMILLA,Debiduar,BD2019,Cumilla,BD20190040,Debidwar,23.5797482,90.99808648,fuzzy:debidwar
COMILLA,Comilla,BD2019,Cumilla,BD20190067,Adarsha Sadar,23.47977528,91.15674514,manual
COMILLA,Laksham,BD2019,Cumilla,BD20190072,Laksam,23.23144364,91.10487647,fuzzy:laksam
COMILLA,Muradnagar,BD2019,Cumilla,BD20190081,Muradnagar,23.67809628,90.94281174,exact
COX'S BAZAR,Kutubdia,BD2022,Cox's Bazar,BD20220045,Kutubdia,21.83800675,91.86254458,exact
FENI,Chhagalnaiya,BD2030,Feni,BD20300014,Chhagalnaiya,23.02016933,91.50651106,exact
FENI,Feni,BD2030,Feni,BD20300029,Feni Sadar,22.99071311,91.41585715,sadar
LAKSHMIPUR,Laksmipur,BD2051,Lakshmipur,BD20510043,Lakshmipur Sadar,22.91127372,90.84389751,manual
LAKSHMIPUR,Raipur,BD2051,Lakshmipur,BD20510058,Raipur,23.00469424,90.73152598,exact
LAKSHMIPUR,Ramganj,BD2051,Lakshmipur,BD20510065,Ramganj,23.09675351,90.87272553,exact
NOAKHALI,Chatkhil,BD2075,Noakhali,BD20750010,Chatkhil,23.0533338,90.96372295,exact
DHAKA,Dhamrai,BD3026,Dhaka,BD30260014,Dhamrai,23.93897826,90.14080346,exact
DHAKA,Dohar,BD3026,Dhaka,BD30260018,Dohar,23.60157963,90.10840628,exact
DHAKA,Keraniganj,BD3026,Dhaka,BD30260038,Keraniganj,23.69433062,90.34365782,exact
DHAKA,Nawabganj,BD3026,Dhaka,BD30260062,Nawabganj,23.67242589,90.16080129,exact
FARIDPUR,Alfadanga,BD3029,Faridpur,BD30290003,Alfadanga,23.29513493,89.67033006,exact
FARIDPUR,Bhanga,BD3029,Faridpur,BD30290010,Bhanga,23.38910046,90.0100025,exact
FARIDPUR,Nagarkanda,BD3029,Faridpur,BD30290062,Nagarkanda,23.43433249,89.89562244,exact
JAMALPUR,Bakshiganj,BD4539,Jamalpur,BD45390007,Bakshiganj,25.2144324,89.85216642,exact
JAMALPUR,Dewanganj,BD4539,Jamalpur,BD45390015,Dewanganj,25.2679709,89.76630949,exact
JAMALPUR,Islampur,BD4539,Jamalpur,BD45390029,Islampur,25.07564439,89.76306354,exact
JAMALPUR,Madarganj,BD4539,Jamalpur,BD45390058,Madarganj,24.88510913,89.74178896,exact
JAMALPUR,Sarishabari,BD4539,Jamalpur,BD45390085,Sarishabari,24.72155439,89.83061407,exact
KISHOREGANJ,Bhairab,BD3048,Kishoreganj,BD30480011,Bhairab,24.10221109,90.98120406,exact
KISHOREGANJ,Kuliarchar,BD3048,Kishoreganj,BD30480054,Kuliarchar,24.15311063,90.88661308,exact
MADARIPUR,Kalkini,BD3054,Madaripur,BD30540040,Kalkini,23.06702105,90.28068024,exact
MADARIPUR,Madaripur,BD3054,Madaripur,BD30540054,Madaripur Sadar,23.19122006,90.17839699,sadar
MADARIPUR,Sibchar,BD3054,Madaripur,BD30540087,Shibchar,23.37319972,90.17594971,fuzzy:shibchar
MANIKGANJ,Daulatpur,BD3056,Manikganj,BD30560010,Daulatpur,23.95619414,89.79863832,exact
MANIKGANJ,Harirampur,BD3056,Manikganj,BD30560028,Harirampur,23.72066709,89.94587763,exact
MANIKGANJ,Manikganj,BD3056,Manikganj,BD30560046,Manikganj Sadar,23.83665517,90.02995338,sadar
MANIKGANJ,Sibalay,BD3056,Manikganj,BD30560078,Shibalay,23.83837419,89.81082872,fuzzy:shibalay
MANIKGANJ,Singair,BD3056,Manikganj,BD30560082,Singair,23.78336259,90.15404116,exact
MUNSHIGANJ,Gozaria,BD3059,Munshiganj,BD30590024,Gazaria,23.54722572,90.62901939,fuzzy:gazaria
MUNSHIGANJ,Lohajang,BD3059,Munshiganj,BD30590044,Louhajang,23.46915976,90.34353188,fuzzy:louhajang
MUNSHIGANJ,Munshiganj,BD3059,Munshiganj,BD30590056,Munshiganj Sadar,23.48746746,90.52607222,sadar
MUNSHIGANJ,Serajdikhan,BD3059,Munshiganj,BD30590074,Sirajdikhan,23.59764523,90.35802481,fuzzy:sirajdikhan
MUNSHIGANJ,Srinagar,BD3059,Munshiganj,BD30590084,Sreenagar,23.54637332,90.26358225,fuzzy:sreenagar
MUNSHIGANJ,Tongibari,BD3059,Munshiganj,BD30590094,Tongibari,23.47479103,90.45275509,exact
MYMENSINGH,Dhobaura,BD4561,Mymensingh,BD45610016,Dhobaura,25.10122351,90.52558027,exact
MYMENSINGH,Haluaghat,BD4561,Mymensingh,BD45610024,Haluaghat,25.08413627,90.35208288,exact
MYMENSINGH,Phulpur,BD4561,Mymensingh,BD45610081,Fulpur,24.95293883,90.35294374,manual
NARAYANGANJ,Araihazar,BD3067,Narayanganj,BD30670002,Araihazar,23.76432347,90.66936209,exact
NARSINGDI,Manohardi,BD3068,Narsingdi,BD30680052,Manohardi,24.16079951,90.73076261,exact
NARSINGDI,Narsingdi,BD3068,Narsingdi,BD30680060,Narsingdi Sadar,23.86911891,90.70802254,sadar
NARSINGDI,Raipura,BD3068,Narsingdi,BD30680064,Raipura,23.96194635,90.8720913,exact
NARSINGDI,Sibpur,BD3068,Narsingdi,BD30680076,Shibpur,24.02764768,90.74701282,fuzzy:shibpur
NETRAKONA,Atpara,BD4572,Netrakona,BD45720004,Atpara,24.79395945,90.87706885,exact
NETRAKONA,Barhatta,BD4572,Netrakona,BD45720009,Barhatta,24.92234073,90.88506443,exact
NETRAKONA,Durgapur,BD4572,Netrakona,BD45720018,Durgapur,25.0890702,90.6833433,exact
NETRAKONA,Kendua,BD4572,Netrakona,BD45720047,Kendua,24.67804297,90.80216919,exact
NETRAKONA,Netrakona,BD4572,Netrakona,BD45720074,Netrakona Sadar,24.88718661,90.73811233,sadar
RAJBARI,Baliakandi,BD3082,Rajbari,BD30820007,Baliakandi,23.65063781,89.55170229,exact
RAJBARI,Pangsha,BD3082,Rajbari,BD30820073,Pangsha,23.78899188,89.38777563,exact
SHARIATPUR,Bhedarganj,BD3086,Shariatpur,BD30860014,Bhedarganj,23.24773906,90.51356683,exact
SHARIATPUR,Damudya,BD3086,Shariatpur,BD30860025,Damudya,23.13989972,90.42264111,exact
SHARIATPUR,Goshairhat,BD3086,Shariatpur,BD30860036,Gosairhat,23.08167785,90.45694826,fuzzy:gosairhat
SHARIATPUR,Naria,BD3086,Shariatpur,BD30860065,Naria,23.30575605,90.4276623,exact
SHARIATPUR,Palong (Sadar),BD3086,Shariatpur,BD30860069,Shariatpur Sadar,23.21884243,90.31670125,manual
SHARIATPUR,Janjira,BD3086,Shariatpur,BD30860094,Zajira,23.36558386,90.3236872,manual
SHERPUR,Sherpur,BD4589,Sherpur,BD45890088,Sherpur Sadar,24.99084023,90.02163529,sadar
SHERPUR,Sribardi,BD4589,Sherpur,BD45890090,Sreebardi,25.16484943,89.95713439,fuzzy:sreebardi
TANGAIL,Basail,BD3093,Tangail,BD30930009,Basail,24.23384013,90.04024194,exact
TANGAIL,Delduar,BD3093,Tangail,BD30930023,Delduar,24.14750937,89.93895701,exact
TANGAIL,Gopalpur,BD3093,Tangail,BD30930038,Gopalpur,24.57241619,89.90181619,exact
TANGAIL,Kalihati,BD3093,Tangail,BD30930047,Kalihati,24.3596877,89.94673602,exact
TANGAIL,Madhupur,BD3093,Tangail,BD30930057,Madhupur,24.65012904,90.06228115,exact
TANGAIL,Tangail,BD3093,Tangail,BD30930095,Tangail Sadar,24.25962298,89.86705123,sadar
BAGERHAT,Kachua,BD4001,Bagerhat,BD40010038,Kachua,22.65213817,89.87394519,exact
CHUADANGA,Alamdanga,BD4018,Chuadanga,BD40180007,Alamdanga,23.72952308,88.90824581,exact
CHUADANGA,Chuadanga,BD4018,Chuadanga,BD40180023,Chuadanga Sadar,23.58945721,88.88544829,sadar
CHUADANGA,Damurhuda,BD4018,Chuadanga,BD40180031,Damurhuda,23.59201621,88.73978174,exact
CHUADANGA,Jibannagar,BD4018,Chuadanga,BD40180055,Jibannagar,23.44297578,88.85026481,exact
JESSORE,Bagherpara,BD4041,Jashore,BD40410009,Bagharpara,23.24253049,89.3353901,fuzzy:bagharpara
JHENAIDAH,Harinakundu,BD4044,Jhenaidah,BD40440014,Harinakundu,23.64350865,89.07686969,exact
JHENAIDAH,Jhenaidah,BD4044,Jhenaidah,BD40440019,Jhenaidah Sadar,23.51638682,89.15753517,sadar
JHENAIDAH,Kaliganj,BD4044,Jhenaidah,BD40440033,Kaliganj,23.36959471,89.15233514,exact
JHENAIDAH,Kotchandpur,BD4044,Jhenaidah,BD40440042,Kotchandpur,23.44497008,89.00141696,exact
JHENAIDAH,Sailkupa,BD4044,Jhenaidah,BD40440080,Shailkupa,23.66362143,89.24261925,fuzzy:shailkupa
KUSHTIA,Bheramara,BD4050,Kushtia,BD40500015,Bheramara,24.0562809,88.98115536,exact
KUSHTIA,Khoksha,BD4050,Kushtia,BD40500063,Khoksa,23.8108428,89.30040417,fuzzy:khoksa
KUSHTIA,Kushtia,BD4050,Kushtia,BD40500079,Kushtia Sadar,23.82447726,89.08978509,sadar
KUSHTIA,Mirpur,BD4050,Kushtia,BD40500094,Mirpur,23.89715846,88.98617202,exact
MAGURA,Magura,BD4055,Magura,BD40550057,Magura Sadar,23.45188316,89.41242724,sadar
MAGURA,Mohammadpur,BD4055,Magura,BD40550066,Mohammadpur,23.40009353,89.55069065,exact
MAGURA,Salikha,BD4055,Magura,BD40550085,Shalikha,23.34769219,89.35926814,fuzzy:shalikha
MEHERPUR,Gangni,BD4057,Meherpur,BD40570047,Gangni,23.85742395,88.77069557,exact
MEHERPUR,Meherpur,BD4057,Meherpur,BD40570087,Meherpur Sadar,23.7652793,88.6614059,sadar
BOGRA,Adamdighi,BD5010,Bogura,BD50100006,Adamdighi,24.80008982,89.05968137,exact
BOGRA,Bogra,BD5010,Bogura,BD50100020,Bogura Sadar,24.89539917,89.35605547,sadar
BOGRA,Dhubchachia,BD5010,Bogura,BD50100033,Dupchachia,24.88236608,89.13984044,fuzzy:dupchachia
BOGRA,Shariakandi,BD5010,Bogura,BD50100081,Sariakandi,24.8789082,89.61656334,fuzzy:sariakandi
BOGRA,Sherpur,BD5010,Bogura,BD50100088,Sherpur,24.62867573,89.42257132,exact
DINAJPUR,Birganj,BD5527,Dinajpur,BD55270012,Birganj,25.92942183,88.62578221,exact
DINAJPUR,Fulbari,BD5527,Dinajpur,BD55270038,Fulbari,25.47137881,88.90073652,exact
DINAJPUR,Ghoraghat,BD5527,Dinajpur,BD55270043,Ghoraghat,25.28733313,89.21475129,exact
DINAJPUR,Khansama,BD5527,Dinajpur,BD55270060,Khansama,25.87170113,88.76460004,exact
DINAJPUR,Dinajpur,BD5527,Dinajpur,BD55270064,Dinajpur Sadar,25.60820914,88.67571762,sadar
JOYPURHAT,Akkelpur,BD5038,Joypurhat,BD50380013,Akkelpur,24.93348532,89.04202677,exact
JOYPURHAT,Panchbibi,BD5038,Joypurhat,BD50380074,Panchbibi,25.20498364,89.07186488,exact
KURIGRAM,Bhurungamari,BD5549,Kurigram,BD55490006,Bhurungamari,26.11552584,89.69340888,exact
KURIGRAM,Rajibpur (Dhushmara),BD5549,Kurigram,BD55490008,Rajibpur,25.44429196,89.76420813,exact
KURIGRAM,Chilmari,BD5549,Kurigram,BD55490009,Chilmari,25.56393785,89.71820959,exact
KURIGRAM,Kurigram,BD5549,Kurigram,BD55490052,Kurigram Sadar,25.82725828,89.69146386,sadar
LALMONIRHAT,Kaliganj,BD5552,Lalmonirhat,BD55520039,Kaliganj,25.98561274,89.24170563,exact
LALMONIRHAT,Lalmonirhat,BD5552,Lalmonirhat,BD55520055,Lalmonirhat Sadar,25.87870187,89.4533625,sadar
NAOGAON,Dhamoirhat,BD5064,Naogaon,BD50640028,Dhamoirhat,25.13051337,88.82415793,exact
NAOGAON,Mohadebpur,BD5064,Naogaon,BD50640050,Mahadebpur,24.9218421,88.76365987,fuzzy:mahadebpur
NAOGAON,Patnitala,BD5064,Naogaon,BD50640075,Patnitala,25.07753255,88.71459304,exact
NATOR,Bagatipara,BD5069,Natore,BD50690009,Bagatipara,24.31324989,88.94790182,exact
NILPHAMARI,Dimla,BD5573,Nilphamari,BD55730012,Dimla,26.17310954,88.9738563,exact
NILPHAMARI,Kishorganj,BD5573,Nilphamari,BD55730045,Kishoreganj,25.89799915,89.03314087,fuzzy:kishoreganj
PANCHAGARH,Atwari,BD5577,Panchagarh,BD55770004,Atowari,26.25081731,88.42459873,fuzzy:atowari
PANCHAGARH,Debiganj,BD5577,Panchagarh,BD55770034,Debiganj,26.12695233,88.7173732,exact
PANCHAGARH,Tetulia,BD5577,Panchagarh,BD55770090,Tentulia,26.51251074,88.43057717,fuzzy:tentulia
RANGPUR,Badarganj,BD5585,Rangpur,BD55850003,Badarganj,25.66776884,89.05492385,exact
RANGPUR,Gangachara,BD5585,Rangpur,BD55850027,Gangachara,25.88015073,89.20096031,exact
RANGPUR,Kaunia,BD5585,Rangpur,BD55850042,Kaunia,25.76638064,89.39371603,exact
RANGPUR,Rangpur,BD5585,Rangpur,BD55850049,Rangpur Sadar,25.75121974,89.15060773,sadar
SIRAJGANJ,Raiganj,BD5088,Sirajganj,BD50880061,Rayganj,24.49221055,89.51526376,fuzzy:rayganj
SIRAJGANJ,Sirajganj,BD5088,Sirajganj,BD50880078,Sirajganj Sadar,24.4942697,89.68960995,sadar
SIRAJGANJ,Ullapara,BD5088,Sirajganj,BD50880094,Ullapara,24.32784904,89.51823326,exact
THAKURGAON,Haripur,BD5594,Thakurgaon,BD55940051,Haripur,25.87881874,88.15452214,exact
THAKURGAON,Thakurgaon,BD5594,Thakurgaon,BD55940094,Thakurgaon Sadar,26.07173216,88.46375411,sadar
HABIGANJ,Madhabpur,BD6036,Habiganj,BD60360071,Madhabpur,24.12035765,91.33739435,exact
MOULVI BAZAR,Moulvi Bazar,BD6058,Moulvibazar,BD60580074,Moulvibazar Sadar,24.4993968,91.71316807,sadar
SYLHET,Bishwanath,BD6091,Sylhet,BD60910020,Bishwanath,24.83470762,91.72814054,exact
BARISAL,Ujirpur,BD1006,Barishal,BD10060094,Ujirpur,22.86574877,90.16497331,exact
BHOLA,Lalmohan,BD1009,Bhola,BD10090054,Lalmohan,22.30234352,90.77136962,exact
PIROJPUR,Pirojpur,BD1079,Pirojpur,BD10790080,Pirojpur Sadar,22.60920201,89.97934666,sadar
BRAHMANBARIA,Nabinagar,BD2012,Brahmanbaria,BD20120085,Nabinagar,23.86327014,90.979673,exact
CHITTAGONG,Rauzan,BD2015,Chattogram,BD20150074,Raozan,22.51965128,91.91727933,fuzzy:raozan
CHITTAGONG,Sandwip,BD2015,Chattogram,BD20150078,Sandwip,22.5106171,91.45787931,exact
FARIDPUR,Boalmari,BD3029,Faridpur,BD30290018,Boalmari,23.39867627,89.69242212,exact
KISHOREGANJ,Karimganj,BD3048,Kishoreganj,BD30480042,Karimganj,24.45434037,90.89635343,exact
KISHOREGANJ,Tarail,BD3048,Kishoreganj,BD30480092,Tarail,24.55087077,90.89053903,exact
MADARIPUR,Rajoir,BD3054,Madaripur,BD30540080,Rajoir,23.20208039,90.03856994,exact
MANIKGANJ,Ghior,BD3056,Manikganj,BD30560022,Ghior,23.87441371,89.90388194,exact
MANIKGANJ,Saturia,BD3056,Manikganj,BD30560070,Saturia,23.95847921,90.00104205,exact
MYMENSINGH,Bhaluka,BD4561,Mymensingh,BD45610013,Bhaluka,24.38161662,90.35390162,exact
MYMENSINGH,Phulbaria,BD4561,Mymensingh,BD45610020,Fulbaria,24.58684471,90.25615763,fuzzy:fulbaria
NARAYANGANJ,Sonargaon,BD3067,Narayanganj,BD30670004,Sonargaon,23.67465419,90.59430133,exact
NARSINGDI,Belabo,BD3068,Narsingdi,BD30680007,Belabo,24.10145744,90.84873217,exact
TANGAIL,Bhuapur,BD3093,Tangail,BD30930019,Bhuanpur,24.47720074,89.81588907,fuzzy:bhuanpur
TANGAIL,Ghatail,BD3093,Tangail,BD30930028,Ghatail,24.47370046,90.05304586,exact
TANGAIL,Shakhipur,BD3093,Tangail,BD30930085,Sakhipur,24.30626157,90.1748612,fuzzy:sakhipur
JESSORE,Jessore,BD4041,Jashore,BD40410047,Jashore Sadar,23.18247843,89.21885642,sadar
KHULNA,Batiaghata,BD4047,Khulna,BD40470012,Batiaghata,22.71333993,89.51491534,exact
KUSHTIA,Daulatpur,BD4050,Kushtia,BD40500039,Daulatpur,24.03425965,88.83553965,exact
KUSHTIA,Kumarkhali,BD4050,Kushtia,BD40500071,Kumarkhali,23.85817582,89.21033767,exact
BOGRA,Dhunot,BD5010,Bogura,BD50100027,Dhunat,24.68260297,89.55015673,fuzzy:dhunat
BOGRA,Nandigram,BD5010,Bogura,BD50100067,Nandigram,24.68118488,89.22715695,exact
DINAJPUR,Biral,BD5527,Dinajpur,BD55270017,Birol,25.6468912,88.54722616,fuzzy:birol
DINAJPUR,Kaharol,BD5527,Dinajpur,BD55270056,Kaharole,25.80245749,88.5985003,fuzzy:kaharole
DINAJPUR,Nawabganj,BD5527,Dinajpur,BD55270069,Nababganj,25.42088957,89.09055668,fuzzy:nababganj
GAIBANDHA,Phulchhari,BD5532,Gaibandha,BD55320021,Fulchhari,25.25378546,89.65325858,fuzzy:fulchhari
KURIGRAM,Phulbari,BD5549,Kurigram,BD55490018,Phulbari,25.94768997,89.571724,exact
KURIGRAM,Ulipur,BD5549,Kurigram,BD55490094,Ulipur,25.68970821,89.66873442,exact
LALMONIRHAT,Hatibanda,BD5552,Lalmonirhat,BD55520033,Hatibandha,26.12026719,89.1436277,fuzzy:hatibandha
NAOGAON,Badalgachhi,BD5064,Naogaon,BD50640006,Badalgachhi,24.96745176,88.94253758,exact
NATOR,Lalpur,BD5069,Natore,BD50690044,Lalpur,24.1997875,88.98571935,exact
NILPHAMARI,Jaldhaka,BD5573,Nilphamari,BD55730036,Jaldhaka,26.03119206,88.99362175,exact
PABNA,Ishwardi,BD5076,Pabna,BD50760039,Ishwardi,24.08017137,89.09433764,exact
RAJSHAHI,Durgapur,BD5081,Rajshahi,BD50810031,Durgapur,24.46827737,88.76089517,exact
RAJSHAHI,Mohanpur,BD5081,Rajshahi,BD50810053,Mohanpur,24.55475052,88.64078614,exact
RAJSHAHI,Puthia,BD5081,Rajshahi,BD50810082,Puthia,24.41148732,88.82735743,exact
RANGPUR,Pirganj,BD5585,Rangpur,BD55850076,Pirganj,25.42579893,89.27470198,exact
SIRAJGANJ,Belkuchi,BD5088,Sirajganj,BD50880011,Belkuchi,24.29793,89.70147902,exact
SIRAJGANJ,Kamarkhanda,BD5088,Sirajganj,BD50880044,Kamarkhanda,24.37750815,89.64226021,exact
SIRAJGANJ,Kazipur,BD5088,Sirajganj,BD50880050,Kazipur,24.67158952,89.68890716,exact
SIRAJGANJ,Shahzadpur,BD5088,Sirajganj,BD50880067,Shahjadpur,24.16297216,89.63072075,fuzzy:shahjadpur
THAKURGAON,Pirganj,BD5594,Thakurgaon,BD55940082,Pirganj,25.84245298,88.36790187,exact
THAKURGAON,Ranisonkail,BD5594,Thakurgaon,BD55940086,Ranishankail,25.94076753,88.24587287,fuzzy:ranishankail
HABIGANJ,Bahubal,BD6036,Habiganj,BD60360005,Bahubal,24.36138845,91.54463994,exact
HABIGANJ,Habiganj,BD6036,Habiganj,BD60360044,Habiganj Sadar,24.35093059,91.41578016,sadar
MOULVI BAZAR,Kulaura,BD6058,Moulvibazar,BD60580065,Kulaura,24.48996524,92.01511303,exact
SUNAMGANJ,Chhatak,BD6090,Sunamganj,BD60900023,Chhatak,24.94892153,91.61454158,exact
SUNAMGANJ,Dwarabazar,BD6090,Sunamganj,BD60900033,Dowarabazar,25.07164732,91.56119491,fuzzy:dowarabazar
SYLHET,Golapganj,BD6091,Sylhet,BD60910038,Golapganj,24.81047474,92.01838458,exact
SYLHET,Sylhet,BD6091,Sylhet,BD60910062,Sylhet Sadar,24.94433953,91.84586196,sadar
BARGUNA,Amtali,BD1004,Barguna,BD10040009,Amtali,22.14650328,90.27003676,exact
BARGUNA,Patharghata,BD1004,Barguna,BD10040085,Patharghata,22.08967959,89.95942885,exact
BHOLA,Burhanuddin,BD1009,Bhola,BD10090021,Borhanuddin,22.48540881,90.71537999,fuzzy:borhanuddin
BHOLA,Char Fasson,BD1009,Bhola,BD10090025,Charfasson,22.04486186,90.72459883,fuzzy:charfasson
BHOLA,Monpura,BD1009,Bhola,BD10090065,Monpura,22.22216484,90.94308102,exact
PATUAKHALI,Galachipa,BD1078,Patuakhali,BD10780057,Galachipa,22.14780512,90.46051826,exact
PATUAKHALI,Kalapara,BD1078,Patuakhali,BD10780066,Kalapara,21.93370908,90.22168667,exact
PIROJPUR,Nazirpur,BD1079,Pirojpur,BD10790076,Nazirpur,22.76993652,89.97482465,exact
BANDARBAN,Alikadam,BD2003,Bandarban,BD20030004,Alikadam,21.59618578,92.40337107,exact
BANDARBAN,Bandarban,BD2003,Bandarban,BD20030014,Bandarban Sadar,22.06545533,92.23266601,sadar
BANDARBAN,Lama,BD2003,Bandarban,BD20030051,Lama,21.81028832,92.21156194,exact
BANDARBAN,Naikhongchhari,BD2003,Bandarban,BD20030073,Naikkhongchhari,21.47139618,92.24297656,fuzzy:naikkhongchhari
BANDARBAN,Rowangchhari,BD2003,Bandarban,BD20030089,Rowangchhari,22.1994028,92.35191016,exact
BANDARBAN,Ruma,BD2003,Bandarban,BD20030091,Ruma,22.00777832,92.44855183,exact
BANDARBAN,Thanchi,BD2003,Bandarban,BD20030095,Thanchi,21.64261732,92.53326194,exact
BRAHMANBARIA,Akhaura,BD2012,Brahmanbaria,BD20120002,Akhaura,23.8406693,91.1901894,exact
BRAHMANBARIA,Banchharampur,BD2012,Brahmanbaria,BD20120004,Banchharampur,23.78053412,90.80732254,exact
BRAHMANBARIA,Brahmanbaria,BD2012,Brahmanbaria,BD20120013,Brahmanbaria Sadar,23.94993121,91.11594537,sadar
BRAHMANBARIA,Nasirnagar,BD2012,Brahmanbaria,BD20120090,Nasirnagar,24.18226005,91.1871252,exact
BRAHMANBARIA,Sarail,BD2012,Brahmanbaria,BD20120094,Sarail,24.10250867,91.11323753,exact
CHITTAGONG,Banskhali,BD2015,Chattogram,BD20150008,Banshkhali,22.01727076,91.9380992,fuzzy:banshkhali
CHITTAGONG,Chandanais,BD2015,Chattogram,BD20150018,Chandanaish,22.21239926,92.06454009,fuzzy:chandanaish
CHITTAGONG,Patenga,BD2015,Chattogram,BD20151600,Chattogram City Corporation,22.34552085,91.80897271,manual
CHITTAGONG,Double Mooring,BD2015,Chattogram,BD20151600,Chattogram City Corporation,22.34552085,91.80897271,manual
CHITTAGONG,Fatikchhari,BD2015,Chattogram,BD20150033,Fatikchhari,22.75545823,91.74886747,exact
CHITTAGONG,Hathazari,BD2015,Chattogram,BD20150037,Hathazari,22.526199,91.79785039,exact
CHITTAGONG,Lohagora,BD2015,Chattogram,BD20150047,Lohagara,21.98607426,92.11204876,fuzzy:lohagara
CHITTAGONG,Mirsharai,BD2015,Chattogram,BD20150053,Mirsarai,22.80385025,91.54756079,fuzzy:mirsarai
CHITTAGONG,Panchlais,BD2015,Chattogram,BD20151600,Chattogram City Corporation,22.34552085,91.80897271,manual
CHITTAGONG,Patia,BD2015,Chattogram,BD20150061,Patiya,22.29314167,91.98742056,fuzzy:patiya
CHITTAGONG,Rangunia,BD2015,Chattogram,BD20150070,Rangunia,22.46617757,92.06834682,exact
CHITTAGONG,Satkania,BD2015,Chattogram,BD20150082,Satkania,22.10592592,92.05950882,exact
CHITTAGONG,Sitakunda,BD2015,Chattogram,BD20150086,Sitakunda,22.54303233,91.65690147,exact
COMILLA,Daudkandi,BD2019,Cumilla,BD20190036,Daudkandi,23.50293787,90.77310239,exact
COMILLA,Homna,BD2019,Cumilla,BD20190054,Homna,23.68000235,90.81149876,exact
COX'S BAZAR,Chakaria,BD2022,Cox's Bazar,BD20220016,Chakaria,21.74110917,92.0517345,exact
COX'S BAZAR,Cox's Bazar,BD2022,Cox's Bazar,BD20220024,Coxs Bazar Sadar,21.46611549,92.01564253,sadar
COX'S BAZAR,Moheshkhali,BD2022,Cox's Bazar,BD20220049,Maheshkhali,21.60718915,91.91955884,fuzzy:maheshkhali
COX'S BAZAR,Ramu,BD2022,Cox's Bazar,BD20220066,Ramu,21.43878767,92.12036409,exact
COX'S BAZAR,Teknaf,BD2022,Cox's Bazar,BD20220090,Teknaf,20.96925113,92.23706771,exact
COX'S BAZAR,Ukhia,BD2022,Cox's Bazar,BD20220094,Ukhia,21.22806282,92.11533645,exact
KHAGRACHHARI,Dighinala,BD2046,Khagrachhari,BD20460043,Dighinala,23.41579635,92.05900408,exact
KHAGRACHHARI,Khagrachhari,BD2046,Khagrachhari,BD20460049,Khagrachhari Sadar,23.15840266,91.9983411,sadar
KHAGRACHHARI,Laksmichhari,BD2046,Khagrachhari,BD20460061,Lakkhichhari,22.78361647,91.93107935,fuzzy:lakkhichhari
KHAGRACHHARI,Mohalchhari,BD2046,Khagrachhari,BD20460065,Mahalchhari,22.9835062,92.04945547,fuzzy:mahalchhari
KHAGRACHHARI,Manikchhari,BD2046,Khagrachhari,BD20460067,Manikchhari,22.85186911,91.8267801,exact
KHAGRACHHARI,Matiranga,BD2046,Khagrachhari,BD20460070,Matiranga,23.16268454,91.85491132,exact
KHAGRACHHARI,Panchhari,BD2046,Khagrachhari,BD20460077,Panchhari,23.34218676,91.92458743,exact
KHAGRACHHARI,Ramgarh,BD2046,Khagrachhari,BD20460080,Ramgarh,22.95403742,91.77612993,exact
LAKSHMIPUR,Ramgati,BD2051,Lakshmipur,BD20510073,Ramgati,22.62490396,90.92223747,exact
NOAKHALI,Companiganj,BD2075,Noakhali,BD20750021,Companiganj,22.75865966,91.30075882,exact
NOAKHALI,Hatiya,BD2075,Noakhali,BD20750036,Hatiya,22.3481622,91.09140468,exact
NOAKHALI,Noakhali,BD2075,Noakhali,BD20750087,Noakhali Sadar,22.80832731,91.04870857,sadar
RANGAMATI,Baghaichhari,BD2084,Rangamati,BD20840007,Baghaichhari,23.38280723,92.23714299,exact
RANGAMATI,Barkal,BD2084,Rangamati,BD20840021,Barkal,22.83095905,92.34613321,exact
RANGAMATI,Kawkhali (Betbunia),BD2084,Rangamati,BD20840025,Kawkhali,22.62348916,92.0122707,exact
RANGAMATI,Belaichhari,BD2084,Rangamati,BD20840029,Belaichhari,22.2574125,92.48313972,exact
RANGAMATI,Kaptai,BD2084,Rangamati,BD20840036,Kaptai,22.46236678,92.20166334,exact
RANGAMATI,Juraichhari,BD2084,Rangamati,BD20840047,Jurachhari,22.55930901,92.45549633,fuzzy:jurachhari
RANGAMATI,Langadu,BD2084,Rangamati,BD20840058,Langadu,22.97008989,92.21665497,exact
RANGAMATI,Nannerchar,BD2084,Rangamati,BD20840075,Naniarchar,22.83365535,92.07263493,fuzzy:naniarchar
RANGAMATI,Rajasthali,BD2084,Rangamati,BD20840078,Rajasthali,22.371584,92.2445794,exact
RANGAMATI,Rangamati,BD2084,Rangamati,BD20840087,Rangamati Sadar,22.64512234,92.20136392,sadar
DHAKA,Savar,BD3026,Dhaka,BD30260072,Savar,23.87995122,90.28057123,exact
DHAKA,Dhaka Metro,BD3026,Dhaka,BD30262500,Dhaka North City Corporation,23.82077798,90.40619118,manual
DHAKA,Dhaka Metro,BD3026,Dhaka,BD30262000,Dhaka South City Corporation,23.72675466,90.43742437,manual
GAZIPUR,Gazipur,BD3033,Gazipur,BD30330030,Gazipur Sadar,24.08486105,90.42475588,sadar
GAZIPUR,Kaliakoir,BD3033,Gazipur,BD30330032,Kaliakair,24.10221402,90.26555217,fuzzy:kaliakair
GAZIPUR,Kaliganj,BD3033,Gazipur,BD30330034,Kaliganj,23.96481774,90.55522821,exact
GAZIPUR,Kapasia,BD3033,Gazipur,BD30330036,Kapasia,24.14779535,90.60046014,exact
GAZIPUR,Sripur,BD3033,Gazipur,BD30330086,Sreepur,24.20580898,90.44362975,manual
GOPALGANJ,Gopalganj,BD3035,Gopalganj,BD30350032,Gopalganj Sadar,23.06056181,89.84767364,sadar
GOPALGANJ,Kasiani,BD3035,Gopalganj,BD30350043,Kashiani,23.19131338,89.79519002,fuzzy:kashiani
GOPALGANJ,Kotalipara,BD3035,Gopalganj,BD30350051,Kotalipara,23.01051938,90.02019937,exact
GOPALGANJ,Muksudpur,BD3035,Gopalganj,BD30350058,Muksudpur,23.26614945,89.91575687,exact
GOPALGANJ,Tungipara,BD3035,Gopalganj,BD30350091,Tungipara,22.92359515,89.90223546,exact
KISHOREGANJ,Ashtagram,BD3048,Kishoreganj,BD30480002,Austagram,24.32358689,91.12249556,fuzzy:austagram
KISHOREGANJ,Bajitpur,BD3048,Kishoreganj,BD30480006,Bajitpur,24.2266224,90.94846361,exact
KISHOREGANJ,Itna,BD3048,Kishoreganj,BD30480033,Itna,24.55093334,91.08404973,exact
KISHOREGANJ,Mithamoin,BD3048,Kishoreganj,BD30480059,Mithamain,24.43314857,91.11090071,fuzzy:mithamain
KISHOREGANJ,Nikli,BD3048,Kishoreganj,BD30480076,Nikli,24.33828073,90.96093837,exact
NARAYANGANJ,Bandar,BD3067,Narayanganj,BD30670006,Bandar,23.64094241,90.54550603,exact
NARAYANGANJ,Narayanganj,BD3067,Narayanganj,BD30670058,Narayanganj Sadar,23.61270286,90.46967182,sadar
NARAYANGANJ,Rupganj,BD3067,Narayanganj,BD30670068,Rupganj,23.81242547,90.54002928,exact
NARSINGDI,Palas,BD3068,Narsingdi,BD30680063,Palash,23.95637032,90.64990826,fuzzy:palash
NETRAKONA,Khaliajuri,BD4572,Netrakona,BD45720038,Khaliajuri,24.70497783,91.12181656,exact
NETRAKONA,Kalmakanda,BD4572,Netrakona,BD45720040,Kalmakanda,25.07759048,90.85761154,exact
NETRAKONA,Madan,BD4572,Netrakona,BD45720056,Madan,24.67829123,90.96698729,exact
NETRAKONA,Mohanganj,BD4572,Netrakona,BD45720063,Mohanganj,24.827911,91.02336058,exact
RAJBARI,Goalanda,BD3082,Rajbari,BD30820029,Goalanda,23.75575567,89.76518481,exact
TANGAIL,Mirzapur,BD3093,Tangail,BD30930066,Mirzapur,24.11805874,90.10720089,exact
TANGAIL,Nagarpur,BD3093,Tangail,BD30930076,Nagarpur,24.05062667,89.87547056,exact
BAGERHAT,Bagerhat,BD4001,Bagerhat,BD40010008,Bagerhat Sadar,22.6761286,89.76267481,sadar
BAGERHAT,Chitalmari,BD4001,Bagerhat,BD40010014,Chitalmari,22.81113978,89.86525389,exact
BAGERHAT,Fakirhat,BD4001,Bagerhat,BD40010034,Fakirhat,22.74261933,89.66610277,exact
BAGERHAT,Mollahat,BD4001,Bagerhat,BD40010056,Mollahat,22.8841779,89.77298864,exact
BAGERHAT,Mongla,BD4001,Bagerhat,BD40010058,Mongla,22.11653738,89.65966488,exact
BAGERHAT,Morelganj,BD4001,Bagerhat,BD40010060,Morelganj,22.48332119,89.83422475,exact
BAGERHAT,Rampal,BD4001,Bagerhat,BD40010073,Rampal,22.59031343,89.65135819,exact
BAGERHAT,Sarankhola,BD4001,Bagerhat,BD40010077,Sharankhola,22.06308526,89.82172027,fuzzy:sharankhola
JESSORE,Abhoynagar,BD4041,Jashore,BD40410004,Abhaynagar,23.01770386,89.41968215,fuzzy:abhaynagar
JESSORE,Chaugachha,BD4041,Jashore,BD40410011,Chaugachha,23.26325264,89.02328652,exact
JESSORE,Jhikorgachha,BD4041,Jashore,BD40410023,Jhikargachha,23.06873072,89.05428478,fuzzy:jhikargachha
JESSORE,Keshabpur,BD4041,Jashore,BD40410038,Keshabpur,22.88037398,89.23152615,exact
JESSORE,Manirampur,BD4041,Jashore,BD40410061,Manirampur,23.00645606,89.21986148,exact
JESSORE,Sarsa,BD4041,Jashore,BD40410090,Sharsha,23.04479212,88.94109704,fuzzy:sharsha
JHENAIDAH,Maheshpur,BD4044,Jhenaidah,BD40440071,Maheshpur,23.32017163,88.85970006,exact
KHULNA,Dacope,BD4047,Khulna,BD40470017,Dacope,22.24203107,89.52637642,exact
KHULNA,Dumuria,BD4047,Khulna,BD40470030,Dumuria,22.80576338,89.39802703,exact
KHULNA,Dighalia (Daulathpur),BD4047,Khulna,BD40470040,Dighalia,22.92151447,89.55377852,exact
KHULNA,Koyra,BD4047,Khulna,BD40470053,Koyra,22.07788302,89.3950567,exact
KHULNA,Paikgachha,BD4047,Khulna,BD40470064,Paikgachha,22.59006747,89.34020164,exact
KHULNA,Phultala,BD4047,Khulna,BD40470069,Phultala,22.94830901,89.45416809,exact
KHULNA,Rupsha,BD4047,Khulna,BD40470075,Rupsa,22.81922745,89.63623389,fuzzy:rupsa
KHULNA,Terakhada,BD4047,Khulna,BD40470094,Terokhada,22.91397441,89.65512323,fuzzy:terokhada
NARAIL,Kalia,BD4065,Narail,BD40650028,Kalia,23.02924849,89.64163082,exact
NARAIL,Lohagara,BD4065,Narail,BD40650052,Lohagara,23.20424901,89.6241797,exact
NARAIL,Narail,BD4065,Narail,BD40650076,Narail Sadar,23.15493941,89.49509628,sadar
SATKHIRA,Asasuni,BD4087,Satkhira,BD40870004,Ashashuni,22.51924727,89.18743219,fuzzy:ashashuni
SATKHIRA,Debhata,BD4087,Satkhira,BD40870025,Debhata,22.5965225,89.01346306,exact
SATKHIRA,Kalaroa,BD4087,Satkhira,BD40870043,Kalaroa,22.88034049,89.03019097,exact
SATKHIRA,Kaliganj,BD4087,Satkhira,BD40870047,Kaliganj,22.44743606,89.06238055,exact
SATKHIRA,Satkhira,BD4087,Satkhira,BD40870082,Satkhira Sadar,22.72028952,89.03826939,sadar
SATKHIRA,Shyamnagar,BD4087,Satkhira,BD40870086,Shyamnagar,22.01217711,89.18060186,exact
SATKHIRA,Tala,BD4087,Satkhira,BD40870090,Tala,22.73989638,89.21059096,exact
DINAJPUR,Bochaganj,BD5527,Dinajpur,BD55270021,Bochaganj,25.786215,88.45332443,exact
NAOGAON,Atrai,BD5064,Naogaon,BD50640003,Atrai,24.62478302,88.98907491,exact
NAOGAON,Manda,BD5064,Naogaon,BD50640047,Manda,24.74630479,88.71198704,exact
NAOGAON,Naogaon,BD5064,Naogaon,BD50640060,Naogaon Sadar,24.81201412,88.89803358,sadar
NAOGAON,Niamatpur,BD5064,Naogaon,BD50640069,Niamatpur,24.83045479,88.55021021,exact
NAOGAON,Porsha,BD5064,Naogaon,BD50640079,Porsha,24.99497575,88.51736573,exact
NAOGAON,Raninagar,BD5064,Naogaon,BD50640085,Raninagar,24.71172597,89.02014859,exact
NAOGAON,Shapahar,BD5064,Naogaon,BD50640086,Sapahar,25.11935869,88.53071648,fuzzy:sapahar
NATOR,Baraigram,BD5069,Natore,BD50690015,Baraigram,24.27323686,89.14997336,exact
NATOR,Gurudashpur,BD5069,Natore,BD50690041,Gurudaspur,24.37372702,89.20538766,fuzzy:gurudaspur
NATOR,Nator,BD5069,Natore,BD50690063,Natore Sadar,24.39709793,88.98996421,sadar
NATOR,Shingra,BD5069,Natore,BD50690091,Singra,24.52440832,89.18430739,fuzzy:singra
NAWABGANJ,Bholahat,BD5070,Chapainababganj,BD50700018,Bholahat,24.89721664,88.20949302,exact
NAWABGANJ,Gomastapur,BD5070,Chapainababganj,BD50700037,Gomastapur,24.85857325,88.35544732,exact
NAWABGANJ,Nachol,BD5070,Chapainababganj,BD50700056,Nachole,24.72706303,88.3963179,fuzzy:nachole
NAWABGANJ,Nawabganj,BD5070,Chapainababganj,BD50700066,Chapainawabganj Sadar,24.56534241,88.25806499,sadar
NAWABGANJ,Shibganj,BD5070,Chapainababganj,BD50700088,Shibganj,24.70501636,88.1548792,exact
PABNA,Atgharia,BD5076,Pabna,BD50760005,Atgharia,24.10741607,89.28274572,exact
PABNA,Bera,BD5076,Pabna,BD50760016,Bera,23.94251893,89.65718472,exact
PABNA,Bhangura,BD5076,Pabna,BD50760019,Bhangura,24.23892741,89.39638738,exact
PABNA,Chatmohar,BD5076,Pabna,BD50760022,Chatmohar,24.22410244,89.30321873,exact
PABNA,Faridpur,BD5076,Pabna,BD50760033,Faridpur,24.15813002,89.44947783,exact
PABNA,Pabna,BD5076,Pabna,BD50760055,Pabna Sadar,23.99489442,89.28112247,sadar
PABNA,Santhia,BD5076,Pabna,BD50760072,Santhia,24.04342759,89.51589956,exact
PABNA,Sujanagar,BD5076,Pabna,BD50760083,Sujanagar,23.89782952,89.51401384,exact
RAJSHAHI,Bagha,BD5081,Rajshahi,BD50810010,Bagha,24.20594533,88.833999,exact
RAJSHAHI,Bagmara,BD5081,Rajshahi,BD50810012,Bagmara,24.59364101,88.80923132,exact
RAJSHAHI,Boalia (Rajshahi),BD5081,Rajshahi,BD50816600,Rajshahi City Corporation,24.38077324,88.60874761,manual
RAJSHAHI,Charghat,BD5081,Rajshahi,BD50810025,Charghat,24.30119249,88.77510723,exact
RAJSHAHI,Godagari,BD5081,Rajshahi,BD50810034,Godagari,24.48314948,88.41492417,exact
RAJSHAHI,Paba,BD5081,Rajshahi,BD50810072,Paba,24.33813369,88.59074395,exact
RAJSHAHI,Tanor,BD5081,Rajshahi,BD50810094,Tanore,24.61985872,88.53090746,fuzzy:tanore
SIRAJGANJ,Chauhali,BD5088,Sirajganj,BD50880027,Chouhali,24.13944642,89.75743944,fuzzy:chouhali
SIRAJGANJ,Taras,BD5088,Sirajganj,BD50880089,Tarash,24.44537456,89.35780269,fuzzy:tarash
HABIGANJ,Ajmiriganj,BD6036,Habiganj,BD60360002,Ajmiriganj,24.55351135,91.28139364,exact
HABIGANJ,Baniyachang,BD6036,Habiganj,BD60360011,Baniachong,24.49883031,91.36685634,fuzzy:baniachong
HABIGANJ,Chunarughat,BD6036,Habiganj,BD60360026,Chunarughat,24.18000387,91.51582163,exact
HABIGANJ,Lakhai,BD6036,Habiganj,BD60360068,Lakhai,24.29851486,91.26089226,exact
HABIGANJ,Nabiganj,BD6036,Habiganj,BD60360077,Nabiganj,24.57071941,91.54818498,exact
MOULVI BAZAR,Barlekha,BD6058,Moulvibazar,BD60580014,Baralekha,24.70854578,92.17635211,fuzzy:baralekha
MOULVI BAZAR,Rajnagar,BD6058,Moulvibazar,BD60580080,Rajnagar,24.56522658,91.86352334,exact
SUNAMGANJ,Bishambarpur,BD6090,Sunamganj,BD60900018,Bishwambharpur,25.10888415,91.31523834,fuzzy:bishwambharpur
SUNAMGANJ,Dirai,BD6090,Sunamganj,BD60900029,Derai,24.78742253,91.33608142,fuzzy:derai
SUNAMGANJ,Dharmapasha,BD6090,Sunamganj,BD60900032,Dharmapasha,24.9442515,91.0637998,exact
SUNAMGANJ,Jagannathpur,BD6090,Sunamganj,BD60900047,Jagannathpur,24.75016803,91.55672295,exact
SUNAMGANJ,Jamalganj,BD6090,Sunamganj,BD60900050,Jamalganj,24.95589373,91.20325709,exact
SUNAMGANJ,Sulla,BD6090,Sunamganj,BD60900086,Shalla,24.68747144,91.25886283,manual
SUNAMGANJ,Sunamganj,BD6090,Sunamganj,BD60900089,Sunamganj Sadar,25.0538758,91.39998186,sadar
SUNAMGANJ,Tahirpur,BD6090,Sunamganj,BD60900092,Tahirpur,25.12901357,91.16369632,exact
SYLHET,Balaganj,BD6091,Sylhet,BD60910008,Balaganj,24.68865059,91.82992075,exact
SYLHET,Beani Bazar,BD6091,Sylhet,BD60910017,Beanibazar,24.84934837,92.15957094,fuzzy:beanibazar
SYLHET,Companiganj,BD6091,Sylhet,BD60910027,Companiganj,25.0799183,91.77309913,exact
SYLHET,Fenchuganj,BD6091,Sylhet,BD60910035,Fenchuganj,24.69358233,91.96304017,exact
SYLHET,Gowainghat,BD6091,Sylhet,BD60910041,Gowainghat,25.08145524,91.95895822,exact
SYLHET,Jaintapur,BD6091,Sylhet,BD60910053,Jaintapur,25.05799543,92.1045136,exact
SYLHET,Kanaighat,BD6091,Sylhet,BD60910059,Kanaighat,24.9932219,92.21911505,exact
SYLHET,Zakiganj,BD6091,Sylhet,BD60910094,Zakiganj,24.92531685,92.36786009,exact
